PosterURL,Title,Genre
https://a.ltrbxd.com/resized/sm/upload/5b/u9/av/il/ecoY7zJL6Ub3URP1oPhPfGflEjV-0-125-0-187-crop.jpg?v=8126850315,American Psycho (2000),thriller
https://a.ltrbxd.com/resized/film-poster/5/1/7/6/9/51769-barton-fink-0-125-0-187-crop.jpg?v=51c9ebe541,Barton Fink (1991),thriller
https://a.ltrbxd.com/resized/sm/upload/yt/ae/iz/kj/bIjkE9Og0nulRycj144sCcQcsZ6-0-125-0-187-crop.jpg?v=a571e4c644,Black Swan (2010),thriller
https://a.ltrbxd.com/resized/sm/upload/ye/jq/f3/22/nmb4QhCRmdfNP6rgb81yUFgI83l-0-125-0-187-crop.jpg?v=caa3999c6f,Donnie Darko (2001),thriller
https://a.ltrbxd.com/resized/sm/upload/sj/00/0d/n1/aQkyFHzNzZoMhxZ7c0IaK8BljED-0-125-0-187-crop.jpg?v=338dcff82c,Enemy (2013),thriller
https://a.ltrbxd.com/resized/film-poster/5/1/5/6/8/51568-fight-club-0-125-0-187-crop.jpg?v=768b32dfa4,Fight Club (1999),thriller
https://a.ltrbxd.com/resized/film-poster/3/5/3/1/1/7/353117-get-out-0-125-0-187-crop.jpg?v=136acec030,Get Out (2017),thriller
https://a.ltrbxd.com/resized/film-poster/4/3/0/8/0/6/430806-i-m-thinking-of-ending-things-0-125-0-187-crop.jpg?v=16bd3ec573,I'm Thinking of Ending Things (2020),thriller
https://a.ltrbxd.com/resized/film-poster/5/0/3/5/8/50358-jacob-s-ladder-0-125-0-187-crop.jpg?v=f2a3a739d6,Jacob's Ladder (1990),thriller
https://a.ltrbxd.com/resized/sm/upload/25/5e/r1/3t/z6yhgEzGUJaBBgAxoyggRzwLnVM-0-125-0-187-crop.jpg?v=49d0ffd43f,Lost Highway (1997),thriller
https://a.ltrbxd.com/resized/sm/upload/v1/3q/s4/aa/memento-0-125-0-187-crop.jpg?v=80f0732247,Memento (2000),thriller
https://a.ltrbxd.com/resized/sm/upload/kv/7n/p8/tv/fMC8JBWx2VjsJ53JopAcFjqmlYv-0-125-0-187-crop.jpg?v=3d69c00608,Mulholland Drive (2001),thriller
https://a.ltrbxd.com/resized/film-poster/4/6/1/7/5/46175-perfect-blue-0-125-0-187-crop.jpg?v=1ed5878cce,Perfect Blue (1997),thriller
https://a.ltrbxd.com/resized/sm/upload/p4/tj/oj/ph/4b7QXyDJsDFXrwVHUNlrmezCZJC-0-125-0-187-crop.jpg?v=0f6a2cc0bb,The Game (1997),thriller
https://a.ltrbxd.com/resized/film-poster/4/9/2/5/4/49254-the-machinist-0-125-0-187-crop.jpg?v=71a9922e95,The Machinist (2004),thriller
https://a.ltrbxd.com/resized/sm/upload/1z/15/kh/dw/ydmC5WsPEhMZKV7VwQ8jT8hQLlc-0-125-0-187-crop.jpg?v=4343a06e20,Moon (2009),thriller
https://a.ltrbxd.com/resized/sm/upload/6z/4l/6b/cq/vStyzsyXpzbWiIxvBrmkdZ6ydk7-0-125-0-187-crop.jpg?v=d0228624f8,Sunshine (2007),thriller
https://a.ltrbxd.com/resized/film-poster/4/2/6/9/8/3/426983-aniara-0-125-0-187-crop.jpg?v=950c9734dd,Aniara (2018),thriller
https://a.ltrbxd.com/resized/film-poster/4/5/4/0/9/45409-shutter-island-0-125-0-187-crop.jpg?v=85dd4c38e3,Shutter Island (2010),thriller
https://a.ltrbxd.com/resized/film-poster/5/1/5/5/2/51552-rear-window-0-125-0-187-crop.jpg?v=855a2e3070,Rear Window (1954),thriller
https://a.ltrbxd.com/resized/sm/upload/q9/3o/ng/om/obhM86qyv8RsE69XSMTtT9FdE0b-0-125-0-187-crop.jpg?v=1403a5e003,Vertigo (1958),thriller
https://a.ltrbxd.com/resized/sm/upload/kp/ay/8h/oo/sDhWq6zSWW95Po5HJCeH0NVyblY-0-125-0-187-crop.jpg?v=a286174883,Coherence (2013),thriller
https://a.ltrbxd.com/resized/sm/upload/g7/2e/vi/vy/A9ANrAWlmIovxzjAIiOgseSLNc9-0-125-0-187-crop.jpg?v=6bcb14c88c,Nightcrawler (2014),thriller
https://a.ltrbxd.com/resized/film-poster/5/1/1/3/8/51138-the-talented-mr-ripley-0-125-0-187-crop.jpg?v=70e0a57506,The Talented Mr. Ripley (1999),thriller
https://a.ltrbxd.com/resized/film-poster/3/3/3/3/1/0/333310-the-killing-of-a-sacred-deer-0-125-0-187-crop.jpg?v=f2a22b1af9,The Killing of a Sacred Deer (2017),thriller
https://a.ltrbxd.com/resized/film-poster/3/5/1/8/7/35187-insomnia-0-125-0-187-crop.jpg?v=a1e1ce645b,Insomnia (1997),thriller
https://a.ltrbxd.com/resized/film-poster/5/1/7/3/9/51739-insomnia-0-125-0-187-crop.jpg?v=d843de8189,Insomnia (2002),thriller
https://a.ltrbxd.com/resized/film-poster/4/9/6/4/1/49641-the-number-23-0-125-0-187-crop.jpg?v=c41c84085b,The Number 23 (2007),thriller
https://a.ltrbxd.com/resized/sm/upload/td/om/t8/dh/c8X6UIbzbhBBuyuHRrzVzaCMbkZ-0-125-0-187-crop.jpg?v=d88e31b8bf,Eyes Wide Shut (1999),thriller
https://a.ltrbxd.com/resized/film-poster/4/3/9/5/2/43952-the-man-from-earth-0-125-0-187-crop.jpg?v=f307c73fdf,The Man from Earth (2007),thriller
https://a.ltrbxd.com/resized/film-poster/4/4/5/1/0/44510-bug-0-125-0-187-crop.jpg?v=859c301df5,Bug (2006),thriller
https://a.ltrbxd.com/resized/film-poster/3/2/4/3/3/32433-exam-0-125-0-187-crop.jpg?v=6e8c549aa5,Exam (2009),thriller
https://a.ltrbxd.com/resized/film-poster/4/4/2/4/7/44247-dead-man-s-shoes-0-125-0-187-crop.jpg?v=df557d7d00,Dead Man's Shoes (2004),thriller
https://a.ltrbxd.com/resized/film-poster/5/0/8/4/1/50841-copycat-0-125-0-187-crop.jpg?v=3727a7cd69,Copycat (1995),thriller
https://a.ltrbxd.com/resized/sm/upload/48/ye/oo/8t/3PH1tWrCAtAb7ws5BNYN9j0DnxN-0-125-0-187-crop.jpg?v=499cdf0415,Single White Female (1992),thriller
https://a.ltrbxd.com/resized/film-poster/2/6/1/8/9/1/261891-10-cloverfield-lane-0-125-0-187-crop.jpg?v=141f0c7c30,10 Cloverfield Lane (2016),thriller
https://a.ltrbxd.com/resized/sm/upload/0a/ec/72/pb/zHGxi75Ugw69jtCmOK8TvwU588z-0-125-0-187-crop.jpg?v=58931ddc0d,The Girl with the Dragon Tattoo (2011),thriller
https://a.ltrbxd.com/resized/sm/upload/wc/jb/p9/ds/cape-fear-0-125-0-187-crop.jpg?v=6e148eef07,Cape Fear (1991),thriller
https://a.ltrbxd.com/resized/film-poster/5/1/7/8/2/51782-the-silence-of-the-lambs-0-125-0-187-crop.jpg?v=5ea75cd993,The Silence of the Lambs (1991),thriller
https://a.ltrbxd.com/resized/film-poster/2/6/8/2/2682-primer-0-125-0-187-crop.jpg?v=0e02010779,Primer (2004),thriller
https://a.ltrbxd.com/resized/sm/upload/74/n3/1x/h1/UZuT4o5rrDSZhkX7wPNfkmRDQD-0-125-0-187-crop.jpg?v=ddc0af4d37,The Jacket (2005),thriller
https://a.ltrbxd.com/resized/film-poster/4/4/7/5/3/44753-frailty-0-125-0-187-crop.jpg?v=bfa48588cf,Frailty (2001),thriller
https://a.ltrbxd.com/resized/film-poster/5/0/0/5/9/50059-identity-0-125-0-187-crop.jpg?v=a78ab939d0,Identity (2003),thriller
https://a.ltrbxd.com/resized/film-poster/3/5/3/0/7/35307-triangle-0-125-0-187-crop.jpg?v=5b48fb0d4d,Triangle (2009),thriller
https://a.ltrbxd.com/resized/sm/upload/3m/1w/jy/xa/kDdUtDsGMQ3OYwoBtEQyJIGPz4V-0-125-0-187-crop.jpg?v=34ca91e989,Predestination (2014),thriller
https://a.ltrbxd.com/resized/film-poster/3/8/2/3/9/38239-shadow-of-a-doubt-0-125-0-187-crop.jpg?v=82c9d9cd7d,Shadow of a Doubt (1943),thriller
https://a.ltrbxd.com/resized/film-poster/5/1/5/2/9/51529-the-conversation-0-125-0-187-crop.jpg?v=12ad21bbbf,The Conversation (1974),thriller
https://a.ltrbxd.com/resized/film-poster/4/1/9/2/7/9/419279-forgotten-0-125-0-187-crop.jpg?v=edb998d4b0,Forgotten (2017),thriller
https://a.ltrbxd.com/resized/sm/upload/xo/2f/ch/o3/vHsNDq4FaNt4XGIjNxcB8fWtCSw-0-125-0-187-crop.jpg?v=095328fe00,The Spanish Prisoner (1997),thriller
https://a.ltrbxd.com/resized/film-poster/5/0/9/4/2/50942-primal-fear-0-125-0-187-crop.jpg?v=8e664558ef,Primal Fear (1996),thriller
https://a.ltrbxd.com/resized/film-poster/1/4/9/8/5/7/149857-gone-girl-0-125-0-187-crop.jpg?v=09a7c91f68,Gone Girl (2014),thriller
https://a.ltrbxd.com/resized/sm/upload/qw/lc/wn/j1/funny-games-0-125-0-187-crop.jpg?v=ba4ffdff29,Funny Games (1997),thriller
https://a.ltrbxd.com/resized/film-poster/4/7/7/1/0/47710-funny-games-0-125-0-187-crop.jpg?v=5fb4eca12a,Funny Games (2007),thriller
https://a.ltrbxd.com/resized/film-poster/3/3/2/4/3/2/332432-the-house-that-jack-built-0-125-0-187-crop.jpg?v=874acb1dbc,The House That Jack Built (2018),thriller
https://a.ltrbxd.com/resized/film-poster/5/0/8/2/2/50822-inland-empire-0-125-0-187-crop.jpg?v=b4bd226d73,Inland Empire (2006),thriller
https://a.ltrbxd.com/resized/sm/upload/to/xo/us/q9/6ke85Kb6aX8RunZLwKpXCKYO9xv-0-125-0-187-crop.jpg?v=0b51a91c55,One Hour Photo (2002),thriller
https://a.ltrbxd.com/resized/sm/upload/tr/i5/jg/y3/cr1vVtymoiW23ETEycUgiAZYMur-0-125-0-187-crop.jpg?v=ba567f9990,Trance (2013),thriller
https://a.ltrbxd.com/resized/film-poster/5/1/1/4/7/51147-the-prestige-0-125-0-187-crop.jpg?v=ad7e891177,The Prestige (2006),thriller
https://a.ltrbxd.com/resized/sm/upload/nu/i0/7z/nd/oHL437Dz1TGQMlKfpE6rSQJgMxb-0-125-0-187-crop.jpg?v=16ef03c9c1,Nocturnal Animals (2016),thriller
https://a.ltrbxd.com/resized/film-poster/5/1/3/5/9/51359-blue-velvet-0-125-0-187-crop.jpg?v=b0ee3c20f6,Blue Velvet (1986),thriller
https://a.ltrbxd.com/resized/film-poster/1/8/7/9/8/6/187986-ex-machina-0-125-0-187-crop.jpg?v=2b4212d498,Ex Machina (2014),thriller
https://a.ltrbxd.com/resized/sm/upload/ur/o3/it/i9/m2Tc48MkhPWYaz0f0IMuIMJlGND-0-125-0-187-crop.jpg?v=e277d9738f,mother! (2017),thriller
https://a.ltrbxd.com/resized/sm/upload/d0/yt/w1/l2/v5Bdti2w5sqKNPge6I9jF2YpAqF-0-125-0-187-crop.jpg?v=26794d9001,The Invitation (2015),thriller
https://a.ltrbxd.com/resized/film-poster/5/1/9/8/1/51981-brazil-0-125-0-187-crop.jpg?v=cc28feee48,Brazil (1985),thriller
https://a.ltrbxd.com/resized/film-poster/5/0/7/2/5/50725-fear-and-loathing-in-las-vegas-0-125-0-187-crop.jpg?v=ff824b403c,Fear and Loathing in Las Vegas (1998),thriller
https://a.ltrbxd.com/resized/film-poster/4/7/6/2/8/47628-the-vanishing-0-125-0-187-crop.jpg?v=ea96275829,The Vanishing (1988),thriller
https://a.ltrbxd.com/resized/sm/upload/yl/pb/x9/pe/hzj9o9cizYFv76rK0C7nXBAQ9lw-0-125-0-187-crop.jpg?v=efe831833e,Oldboy (2003),thriller
https://a.ltrbxd.com/resized/film-poster/4/8/2/8/5/48285-nightwatch-0-125-0-187-crop.jpg?v=28a6f59faf,Nightwatch (1994),thriller
https://a.ltrbxd.com/resized/film-poster/5/0/7/0/3/50703-open-your-eyes-0-125-0-187-crop.jpg?v=722adc7f9d,Open Your Eyes (1997),thriller
https://a.ltrbxd.com/resized/film-poster/5/0/6/7/5/50675-the-others-0-125-0-187-crop.jpg?v=5849ee4f9f,The Others (2001),thriller
https://a.ltrbxd.com/resized/sm/upload/68/rw/e9/tb/wS0QhF2RTwap84BKGr9hKHzNAMx-0-125-0-187-crop.jpg?v=d11b983543,A Scanner Darkly (2006),thriller
https://a.ltrbxd.com/resized/sm/upload/eh/lj/6f/sb/ccVKx1T63YKMBcIYkJEoI0od5Nd-0-125-0-187-crop.jpg?v=90f1da413f,Spider (2002),thriller
https://a.ltrbxd.com/resized/film-poster/5/1/3/5/5/51355-persona-0-125-0-187-crop.jpg?v=aca1e0fd3d,Persona (1966),thriller
https://a.ltrbxd.com/resized/sm/upload/xw/sw/3v/st/o8psaYgwTYFpqJhHISoMq178J4n-0-125-0-187-crop.jpg?v=837f65a552,Videodrome (1983),thriller
https://a.ltrbxd.com/resized/film-poster/5/1/6/3/0/51630-pi-0-125-0-187-crop.jpg?v=ddc5842725,Pi (1998),thriller
https://a.ltrbxd.com/resized/film-poster/4/6/4/2/5/46425-high-tension-0-125-0-187-crop.jpg?v=43a80a20fa,High Tension (2003),thriller
https://a.ltrbxd.com/resized/sm/upload/jt/4t/3m/tp/xFtrVJWygDiK2iZluUxNwuQZ6Sm-0-125-0-187-crop.jpg?v=5d628d4444,Angel Heart (1987),thriller
https://a.ltrbxd.com/resized/film-poster/2/5/5/9/2/7/255927-the-gift-0-125-0-187-crop.jpg?v=895919e8c7,The Gift (2015),thriller
https://a.ltrbxd.com/resized/sm/upload/9c/7d/2t/h4/mWwrWhPHiHSoCWUkYcq4GplRF6V-0-125-0-187-crop.jpg?v=fef2aa197e,Session 9 (2001),thriller
https://a.ltrbxd.com/resized/sm/upload/yx/yw/v4/el/mhFXxB76LVgJBIfJM1sAuVBtVKv-0-125-0-187-crop.jpg?v=6ba4c6154d,Se7en (1995),thriller
https://a.ltrbxd.com/resized/film-poster/5/1/4/0/7/51407-the-sixth-sense-0-125-0-187-crop.jpg?v=3a05a55f47,The Sixth Sense (1999),thriller
https://a.ltrbxd.com/resized/film-poster/4/9/0/2/3/49023-paprika-0-125-0-187-crop.jpg?v=bdcabb9981,Paprika (2006),thriller
https://a.ltrbxd.com/resized/sm/upload/c8/ym/gh/1n/f68uBuxkEfesHmw5eJxFOnNalTY-0-125-0-187-crop.jpg?v=704c2f780f,Martha Marcy May Marlene (2011),thriller
https://a.ltrbxd.com/resized/sm/upload/iw/eg/4g/nm/3w79tTsv6tmlT8Jww6snyPrgVok-0-125-0-187-crop.jpg?v=778c7ae8b8,Prisoners (2013),thriller
https://a.ltrbxd.com/resized/film-poster/5/0/8/4/6/50846-misery-0-125-0-187-crop.jpg?v=f079fc8138,Misery (1990),thriller
https://a.ltrbxd.com/resized/sm/upload/wm/de/5k/bi/8fmnXoIw3e3J7YSr8bzcPica4Dk-0-125-0-187-crop.jpg?v=7f3e0cac93,A Tale of Two Sisters (2003),thriller
https://a.ltrbxd.com/resized/film-poster/4/3/2/2/6/43226-the-uninvited-0-125-0-187-crop.jpg?v=740aefa477,The Uninvited (2009),thriller
https://a.ltrbxd.com/resized/film-poster/4/9/9/4/4/49944-1408-0-125-0-187-crop.jpg?v=f0129a1ed0,1408 (2007),thriller
https://a.ltrbxd.com/resized/sm/upload/o5/f8/9s/nn/4Dq2qYkyJeJGw0mfhQVXgI2pMYx-0-125-0-187-crop.jpg?v=7265fa979c,Dead Ringers (1988),thriller
https://a.ltrbxd.com/resized/film-poster/5/0/7/0/2/50702-vanilla-sky-0-125-0-187-crop.jpg?v=fbd4b97e55,Vanilla Sky (2001),thriller
https://a.ltrbxd.com/resized/film-poster/5/1/9/3/5/51935-the-big-lebowski-0-125-0-187-crop.jpg?v=5cd64defcf,The Big Lebowski (1998),comedy
https://a.ltrbxd.com/resized/sm/upload/xe/2y/e6/gy/4XLSKzQcE4lIgJgd71Y8UhAhxqQ-0-125-0-187-crop.jpg?v=45bc32b708,Hot Fuzz (2007),comedy
https://a.ltrbxd.com/resized/film-poster/5/1/3/9/0/51390-monty-python-and-the-holy-grail-0-125-0-187-crop.jpg?v=a294ae5def,Monty Python and the Holy Grail (1975),comedy
https://a.ltrbxd.com/resized/film-poster/5/1/2/1/8/51218-dr-strangelove-or-how-i-learned-to-stop-worrying-and-love--0-125-0-187-crop.jpg?v=c814dfbae0,Dr. Strangelove or: How I Learned to Stop Worrying and Love the Bomb (1964),comedy
https://a.ltrbxd.com/resized/sm/upload/36/av/yn/jg/yWEeWO7fLs45XOcb94GPiLrHBRG-0-125-0-187-crop.jpg?v=f9f1d6b3fe,Shaun of the Dead (2004),comedy
https://a.ltrbxd.com/resized/sm/upload/vs/75/02/fx/2B5zjs5E3xerqAyowpw3QcOCyLq-0-125-0-187-crop.jpg?v=3aef2095df,Scott Pilgrim vs. the World (2010),comedy
https://a.ltrbxd.com/resized/film-poster/5/1/3/3/9/51339-airplane--0-125-0-187-crop.jpg?v=a8e9ea3a39,Airplane! (1980),comedy
https://a.ltrbxd.com/resized/sm/upload/ui/oc/sh/aa/wEgm6iVOD4afMlEo1VGi3Yz0cmd-0-125-0-187-crop.jpg?v=84c2b92572,Life of Brian (1979),comedy
https://a.ltrbxd.com/resized/film-poster/4/7/8/0/9/47809-in-bruges-0-125-0-187-crop.jpg?v=616745d99a,In Bruges (2008),comedy
https://a.ltrbxd.com/resized/film-poster/5/1/8/1/7/51817-some-like-it-hot-0-125-0-187-crop.jpg?v=6a3adaf00e,Some Like It Hot (1959),comedy
https://a.ltrbxd.com/resized/film-poster/5/1/9/1/4/51914-groundhog-day-0-125-0-187-crop.jpg?v=9361c0080d,Groundhog Day (1993),comedy
https://a.ltrbxd.com/resized/film-poster/4/9/8/8/9/49889-modern-times-0-125-0-187-crop.jpg?v=4f248e6b54,Modern Times (1936),comedy
https://a.ltrbxd.com/resized/film-poster/5/1/9/4/5/51945-back-to-the-future-0-125-0-187-crop.jpg?v=6662417358,Back to the Future (1985),comedy
https://a.ltrbxd.com/resized/film-poster/4/7/6/3/7/47637-anchorman-the-legend-of-ron-burgundy-0-125-0-187-crop.jpg?v=afdb4fa667,Anchorman: The Legend of Ron Burgundy (2004),comedy
https://a.ltrbxd.com/resized/film-poster/4/7/7/7/6/47776-superbad-0-125-0-187-crop.jpg?v=b43686efcb,Superbad (2007),comedy
https://a.ltrbxd.com/resized/film-poster/9/5/1/1/3/95113-the-grand-budapest-hotel-0-125-0-187-crop.jpg?v=6ac71cf4ba,The Grand Budapest Hotel (2014),comedy
https://a.ltrbxd.com/resized/film-poster/5/1/6/1/4/51614-borat-cultural-learnings-of-america-for-make-benefit-glori-0-125-0-187-crop.jpg?v=17316654a2,Borat: Cultural Learnings of America for Make Benefit Glorious Nation of Kazakhstan (2006),comedy
https://a.ltrbxd.com/resized/film-poster/4/7/2/1/9/47219-ferris-bueller-s-day-off-0-125-0-187-crop.jpg?v=5c27745153,Ferris Bueller's Day Off (1986),comedy
https://a.ltrbxd.com/resized/film-poster/5/1/2/5/1/51251-city-lights-0-125-0-187-crop.jpg?v=942b2629ea,City Lights (1931),comedy
https://a.ltrbxd.com/resized/film-poster/6/1/6/6/6166-ghostbusters-0-125-0-187-crop.jpg?v=02587ca19f,Ghostbusters (1984),comedy
https://a.ltrbxd.com/resized/sm/upload/hk/2u/bd/9p/gpxjoE0yvRwIhFEJgNArtKtaN7S-0-125-0-187-crop.jpg?v=544eada136,The Princess Bride (1987),comedy
https://a.ltrbxd.com/resized/sm/upload/xx/io/jp/45/the-truman-show-0-125-0-187-crop.jpg?v=704ba393f7,The Truman Show (1998),comedy
https://a.ltrbxd.com/resized/film-poster/8/6/9/9/1/86991-the-world-s-end-0-125-0-187-crop.jpg?v=48a7252f0d,The World's End (2013),comedy
https://a.ltrbxd.com/resized/sm/upload/5y/2q/7e/82/9kMAFSod5guhdxLjXIfxgVhA5cM-0-125-0-187-crop.jpg?v=b873849661,The Blues Brothers (1980),comedy
https://a.ltrbxd.com/resized/film-poster/2/1/6/3/0/1/216301-the-nice-guys-0-125-0-187-crop.jpg?v=40616daa2c,The Nice Guys (2016),comedy
https://a.ltrbxd.com/resized/sm/upload/vx/bi/ni/1k/921qm0FJwDvi6ptaxNCp7xvqNGA-0-125-0-187-crop.jpg?v=e356b53de6,Rushmore (1998),comedy
https://a.ltrbxd.com/resized/film-poster/8/6/1/1/4/86114-the-wolf-of-wall-street-0-125-0-187-crop.jpg?v=9fd1891260,The Wolf of Wall Street (2013),comedy
https://a.ltrbxd.com/resized/film-poster/4/9/9/3/1/49931-young-frankenstein-0-125-0-187-crop.jpg?v=e33efca8ce,Young Frankenstein (1974),comedy
https://a.ltrbxd.com/resized/film-poster/2/7/2/8/4/27284-the-naked-gun-0-125-0-187-crop.jpg?v=7f848fb394,The Naked Gun: From the Files of Police Squad! (1988),comedy
https://a.ltrbxd.com/resized/film-poster/4/5/6/7/2/45672-this-is-spinal-tap-0-125-0-187-crop.jpg?v=d867e84f30,This Is Spinal Tap (1984),comedy
https://a.ltrbxd.com/resized/film-poster/4/5/6/3/1/45631-blazing-saddles-0-125-0-187-crop.jpg?v=75fe1e4fb7,Blazing Saddles (1974),comedy
https://a.ltrbxd.com/resized/film-poster/4/9/9/0/8/49908-duck-soup-0-125-0-187-crop.jpg?v=a3ed8dd656,Duck Soup (1933),comedy
https://a.ltrbxd.com/resized/sm/upload/z3/0g/ol/7s/gALeMjf3NlSXy1gbz3eKct1aRhd-0-125-0-187-crop.jpg?v=d2b19175d7,Hunt for the Wilderpeople (2016),comedy
https://a.ltrbxd.com/resized/film-poster/4/6/0/4/9/46049-mean-girls-0-125-0-187-crop.jpg?v=e6378abb7b,Mean Girls (2004),comedy
https://a.ltrbxd.com/resized/film-poster/5/1/2/0/2/51202-the-general-0-125-0-187-crop.jpg?v=f4cd0213d7,The General (1926),comedy
https://a.ltrbxd.com/resized/film-poster/5/1/7/0/7/51707-raising-arizona-0-125-0-187-crop.jpg?v=4a10e2c93f,Raising Arizona (1987),comedy
https://a.ltrbxd.com/resized/sm/upload/2z/gn/ar/4j/hkSGFNVfEEUXFCxRZDITFHVhUlu-0-125-0-187-crop.jpg?v=3ae8775e60,A Fish Called Wanda (1988),comedy
https://a.ltrbxd.com/resized/film-poster/2/0/9/3/8/2/209382-thor-ragnarok-0-125-0-187-crop.jpg?v=0369e00db5,Thor: Ragnarok (2017),comedy
https://a.ltrbxd.com/resized/film-poster/4/8/0/3/0/48030-tropic-thunder-0-125-0-187-crop.jpg?v=f75fe170e6,Tropic Thunder (2008),comedy
https://a.ltrbxd.com/resized/film-poster/5/0/9/9/1/50991-office-space-0-125-0-187-crop.jpg?v=ecc49b2fbf,Office Space (1999),comedy
https://a.ltrbxd.com/resized/sm/upload/p9/tg/s4/ca/dxbIRmIo0rN5R6WGvxnJuUJPh3t-0-125-0-187-crop.jpg?v=12b2d3f8b3,Evil Dead II (1987),comedy
https://a.ltrbxd.com/resized/sm/upload/pp/ya/j6/9k/kH7Jwo3Pv0pbosU4rzDafTigIZx-0-125-0-187-crop.jpg?v=5acfbde8a0,Swiss Army Man (2016),comedy
https://a.ltrbxd.com/resized/sm/upload/7h/zn/l9/ps/2lHRRgoof25kJsLgocf3go2Ccp1-0-125-0-187-crop.jpg?v=f4072fb72c,Dazed and Confused (1993),comedy
https://a.ltrbxd.com/resized/film-poster/9/3/6/7/6/93676-guardians-of-the-galaxy-0-125-0-187-crop.jpg?v=3cc8cb967f,Guardians of the Galaxy (2014),comedy
https://a.ltrbxd.com/resized/film-poster/4/7/1/2/5/47125-south-park-bigger-longer-uncut-0-125-0-187-crop.jpg?v=a071e7698f,"South Park: Bigger, Longer & Uncut (1999)",comedy
https://a.ltrbxd.com/resized/film-poster/5/1/2/5/2/51252-bringing-up-baby-0-125-0-187-crop.jpg?v=49cd33e837,Bringing Up Baby (1938),comedy
https://a.ltrbxd.com/resized/film-poster/5/1/7/8/1/51781-fargo-0-125-0-187-crop.jpg?v=44835e3b35,Fargo (1996),comedy
https://a.ltrbxd.com/resized/film-poster/5/1/2/3/8/51238-the-great-dictator-0-125-0-187-crop.jpg?v=77c9151f10,The Great Dictator (1940),comedy
https://a.ltrbxd.com/resized/film-poster/4/6/5/7/2/46572-hot-rod-0-125-0-187-crop.jpg?v=8d78a72102,Hot Rod (2007),comedy
https://a.ltrbxd.com/resized/film-poster/5/0/1/9/3/50193-planes-trains-and-automobiles-0-125-0-187-crop.jpg?v=f36141cb58,"Planes, Trains and Automobiles (1987)",comedy
https://a.ltrbxd.com/resized/film-poster/5/1/1/7/7/51177-sherlock-jr--0-125-0-187-crop.jpg?v=740a4fd1f3,"Sherlock, Jr. (1924)",comedy
https://a.ltrbxd.com/resized/film-poster/5/1/5/7/3/51573-there-s-something-about-mary-0-125-0-187-crop.jpg?v=cbd83f1a61,There's Something About Mary (1998),comedy
https://a.ltrbxd.com/resized/film-poster/5/1/8/5/4/51854-to-be-or-not-to-be-0-125-0-187-crop.jpg?v=7a2855eacc,To Be or Not to Be (1942),comedy
https://a.ltrbxd.com/resized/film-poster/5/1/6/1/8/51618-being-john-malkovich-0-125-0-187-crop.jpg?v=aecbc04013,Being John Malkovich (1999),comedy
https://a.ltrbxd.com/resized/film-poster/1/0/4/4/2/10442-bridesmaids-0-125-0-187-crop.jpg?v=da67bea0aa,Bridesmaids (2011),comedy
https://a.ltrbxd.com/resized/film-poster/4/2/5/3/1/42531-clue-0-125-0-187-crop.jpg?v=feff5bd18c,Clue (1985),comedy
https://a.ltrbxd.com/resized/film-poster/5/0/1/7/7/50177-heathers-0-125-0-187-crop.jpg?v=eb3ba0f0c0,Heathers (1988),comedy
https://a.ltrbxd.com/resized/sm/upload/e6/mn/oi/ky/8IWPBT1rkAaI8Kpk5V3WfQRklJ7-0-125-0-187-crop.jpg?v=cb22d36a0e,Home Alone (1990),comedy
https://a.ltrbxd.com/resized/film-poster/5/0/9/5/0/50950-school-of-rock-0-125-0-187-crop.jpg?v=1d462b4ca3,School of Rock (2003),comedy
https://a.ltrbxd.com/resized/film-poster/2/7/9/279-21-jump-street-0-125-0-187-crop.jpg?v=94d6b03998,21 Jump Street (2012),comedy
https://a.ltrbxd.com/resized/sm/upload/qq/wx/vh/dy/tPnw9oqIvIMoYjVozkDkxm3xR8r-0-125-0-187-crop.jpg?v=28856a9f35,22 Jump Street (2014),comedy
https://a.ltrbxd.com/resized/sm/upload/03/4k/8o/ul/clerks-0-125-0-187-crop.jpg?v=35be012b59,Clerks (1994),comedy
https://a.ltrbxd.com/resized/sm/upload/72/oe/b4/no/st4P2TtPrAfNwu8HLXoPsPPii42-0-125-0-187-crop.jpg?v=b9b04f9e8b,Dumb and Dumber (1994),comedy
https://a.ltrbxd.com/resized/film-poster/4/9/8/8/6/49886-his-girl-friday-0-125-0-187-crop.jpg?v=a31152c98c,His Girl Friday (1940),comedy
https://a.ltrbxd.com/resized/sm/upload/h6/xm/om/q7/dOeM4R55TsAFBXCPNIDDMiJkePr-0-125-0-187-crop.jpg?v=09383296c6,Little Miss Sunshine (2006),comedy
https://a.ltrbxd.com/resized/sm/upload/a0/sz/qf/mq/erBsxkzVwkXuvuzUBpVnNxxPYhO-0-125-0-187-crop.jpg?v=80375a32fa,"O Brother, Where Art Thou? (2000)",comedy
https://a.ltrbxd.com/resized/film-poster/3/4/3/9/4/34394-the-other-guys-0-125-0-187-crop.jpg?v=5cc54e3d99,The Other Guys (2010),comedy
https://a.ltrbxd.com/resized/sm/upload/bi/e2/9h/of/ivRkXDUcdBZxQiYw5R99ZJM0CpA-0-125-0-187-crop.jpg?v=5ab043bd2f,PlayTime (1967),comedy
https://a.ltrbxd.com/resized/film-poster/5/1/2/0/3/51203-spaceballs-0-125-0-187-crop.jpg?v=a9ab35ec2b,Spaceballs (1987),comedy
https://a.ltrbxd.com/resized/film-poster/4/4/7/6/8/44768-step-brothers-0-125-0-187-crop.jpg?v=7ec3677be4,Step Brothers (2008),comedy
https://a.ltrbxd.com/resized/film-poster/4/7/1/9/8/47198-zoolander-0-125-0-187-crop.jpg?v=b30902c672,Zoolander (2001),comedy
https://a.ltrbxd.com/resized/sm/upload/kq/99/hb/e0/7WsTQx9CAmXumSZKHiYmZ3hqvT5-0-125-0-187-crop.jpg?v=93e2a45fc2,"It's a Mad, Mad, Mad, Mad World (1963)",comedy
https://a.ltrbxd.com/resized/film-poster/4/7/8/6/7/47867-napoleon-dynamite-0-125-0-187-crop.jpg?v=dc5d6552f9,Napoleon Dynamite (2004),comedy
https://a.ltrbxd.com/resized/film-poster/4/9/5/3/1/49531-team-america-world-police-0-125-0-187-crop.jpg?v=8c712d3b25,Team America: World Police (2004),comedy
https://a.ltrbxd.com/resized/sm/upload/2r/41/ij/ah/fWG5A6KMyInWDc5ZVkarjGPXkwC-0-125-0-187-crop.jpg?v=bfdb90f2ec,The Death of Stalin (2017),comedy
https://a.ltrbxd.com/resized/film-poster/4/5/0/6/5/45065-the-emperor-s-new-groove-0-125-0-187-crop.jpg?v=907ad250a4,The Emperor's New Groove (2000),comedy
https://a.ltrbxd.com/resized/film-poster/3/7/8/0/4/8/378048-game-night-0-125-0-187-crop.jpg?v=7216b8d79c,Game Night (2018),comedy
https://a.ltrbxd.com/resized/film-poster/5/1/2/0/1/51201-the-gold-rush-0-125-0-187-crop.jpg?v=02492191ed,The Gold Rush (1925),comedy
https://a.ltrbxd.com/resized/film-poster/3/2/6/2/7/9/326279-lady-bird-0-125-0-187-crop.jpg?v=754ff28eb4,Lady Bird (2017),comedy
https://a.ltrbxd.com/resized/film-poster/3/2/2/0/5/32205-the-producers-0-125-0-187-crop.jpg?v=affae98b15,The Producers (1967),comedy
https://a.ltrbxd.com/resized/sm/upload/jc/9p/19/zx/oie_1512543TJ3vNUDP-0-125-0-187-crop.jpg?v=8b2686919f,This Is the End (2013),comedy
https://a.ltrbxd.com/resized/sm/upload/qa/o0/ac/wd/jaYll3wckw6HrvTq6s2Q0a4WTGV-0-125-0-187-crop.jpg?v=5eeb418746,Trading Places (1983),comedy
https://a.ltrbxd.com/resized/film-poster/4/8/1/6/0/48160-the-40-year-old-virgin-0-125-0-187-crop.jpg?v=3f5be0e907,The 40 Year Old Virgin (2005),comedy
https://a.ltrbxd.com/resized/film-poster/5/1/9/2/1/51921-spirited-away-0-125-0-187-crop.jpg?v=a3ad463c55,Spirited Away (2001),family
https://a.ltrbxd.com/resized/sm/upload/mp/pz/lf/2i/7BuH8itoSrLExs2YZSsM01Qk2no-0-125-0-187-crop.jpg?v=27c6c6fba7,The Empire Strikes Back (1980),family
https://a.ltrbxd.com/resized/film-poster/2/7/0/6/2706-star-wars-0-125-0-187-crop.jpg?v=f1f1271bf5,Star Wars (1977),family
https://a.ltrbxd.com/resized/film-poster/5/1/9/6/5/51965-raiders-of-the-lost-ark-0-125-0-187-crop.jpg?v=2b066bfd52,Raiders of the Lost Ark (1981),family
https://a.ltrbxd.com/resized/film-poster/5/1/2/9/0/51290-toy-story-0-125-0-187-crop.jpg?v=0ce275d722,Toy Story (1995),family
https://a.ltrbxd.com/resized/film-poster/5/1/4/9/4/51494-the-wizard-of-oz-0-125-0-187-crop.jpg?v=6aca3ea5b8,The Wizard of Oz (1939),family
https://a.ltrbxd.com/resized/film-poster/2/5/1/9/4/3/251943-spider-man-into-the-spider-verse-0-125-0-187-crop.jpg?v=5d25123839,Spider-Man: Into the Spider-Verse (2018),family
https://a.ltrbxd.com/resized/sm/upload/b9/9n/tr/ss/wall-e-0-125-0-187-crop.jpg?v=3210d80669,WALL·E (2008),family
https://a.ltrbxd.com/resized/film-poster/4/6/4/5/8/46458-toy-story-3-0-125-0-187-crop.jpg?v=d46903002c,Toy Story 3 (2010),family
https://a.ltrbxd.com/resized/film-poster/4/7/7/5/6/47756-my-neighbor-totoro-0-125-0-187-crop.jpg?v=749abe71ad,My Neighbor Totoro (1988),family
https://a.ltrbxd.com/resized/sm/upload/3p/mh/wq/v9/6Ryitt95xrO8KXuqRGm1fUuNwqF-0-125-0-187-crop.jpg?v=2a90bd6512,Coco (2017),family
https://a.ltrbxd.com/resized/sm/upload/lz/96/yu/mf/ztuEReeV6ofpU1HxUV9AsR6aLoe-0-125-0-187-crop.jpg?v=47499379fa,The Lion King (1994),family
https://a.ltrbxd.com/resized/film-poster/4/3/3/0/2/43302-up-0-125-0-187-crop.jpg?v=ce2786039c,Up (2009),family
https://a.ltrbxd.com/resized/film-poster/1/1/3/2/8/4/113284-inside-out-0-125-0-187-crop.jpg?v=de03b9b6ef,Inside Out (2015),family
https://a.ltrbxd.com/resized/film-poster/2/7/0/5/2705-finding-nemo-0-125-0-187-crop.jpg?v=b329bc5740,Finding Nemo (2003),family
https://a.ltrbxd.com/resized/sm/upload/qw/zu/zk/ky/iLe8yMOF5we6lvYbKLHzho7ATQk-0-125-0-187-crop.jpg?v=c4c6ebbfa3,Beauty and the Beast (1991),family
https://a.ltrbxd.com/resized/sm/upload/ij/ub/so/m3/zuXMvSQq9F7H29qzuUm0qyUqw6m-0-125-0-187-crop.jpg?v=a53cafc017,Paddington 2 (2017),family
https://a.ltrbxd.com/resized/film-poster/4/6/2/8/0/46280-the-iron-giant-0-125-0-187-crop.jpg?v=4684e40750,The Iron Giant (1999),family
https://a.ltrbxd.com/resized/sm/upload/28/um/1t/jq/dYvyF1RlNokAd1N7Nek0vDpYsV6-0-125-0-187-crop.jpg?v=fc5d71c744,Persepolis (2007),family
https://a.ltrbxd.com/resized/sm/upload/rb/4w/aq/qs/bp17K41ZBTJ28uetfLOGxlMs4p7-0-125-0-187-crop.jpg?v=c5ae04e944,Kes (1969),family
https://a.ltrbxd.com/resized/film-poster/4/9/0/6/2/49062-howl-s-moving-castle-0-125-0-187-crop.jpg?v=fde81bda52,Howl's Moving Castle (2004),family
https://a.ltrbxd.com/resized/film-poster/4/6/8/0/6/46806-the-incredibles-0-125-0-187-crop.jpg?v=dce597a185,The Incredibles (2004),family
https://a.ltrbxd.com/resized/sm/upload/u3/vf/g6/w1/2jbLGpf4gRcoluzgMQMDjZaQ47l-0-125-0-187-crop.jpg?v=50e3632861,Fantasia (1940),family
https://a.ltrbxd.com/resized/film-poster/5/1/5/2/0/51520-e-t-the-extra-terrestrial-0-125-0-187-crop.jpg?v=abed7069ac,E.T. the Extra-Terrestrial (1982),family
https://a.ltrbxd.com/resized/film-poster/5/1/2/8/9/51289-toy-story-2-0-125-0-187-crop.jpg?v=96fd9a530b,Toy Story 2 (1999),family
https://a.ltrbxd.com/resized/sm/upload/n8/rl/pc/se/jEiEU8viSb8CIIHcfprVr2V6XDz-0-125-0-187-crop.jpg?v=25e13045f0,Ratatouille (2007),family
https://a.ltrbxd.com/resized/film-poster/8/8/4/8/7/88487-song-of-the-sea-0-125-0-187-crop.jpg?v=8be993ee0b,Song of the Sea (2014),family
https://a.ltrbxd.com/resized/film-poster/4/7/1/1/9/47119-the-nightmare-before-christmas-0-125-0-187-crop.jpg?v=cc72c8b470,The Nightmare Before Christmas (1993),family
https://a.ltrbxd.com/resized/sm/upload/h5/ak/cq/1k/k0lQISUC4NuvKYasJn59JHc2rla-0-125-0-187-crop.jpg?v=c98c9106e5,Mary and Max (2009),family
https://a.ltrbxd.com/resized/film-poster/4/2/5/8/0/42580-the-sound-of-music-0-125-0-187-crop.jpg?v=743d70b886,The Sound of Music (1965),family
https://a.ltrbxd.com/resized/sm/upload/0r/r7/c6/7e/hIXX3IRFy0InUOmYeWjvhCAgQNj-0-125-0-187-crop.jpg?v=d158027eb4,How to Train Your Dragon (2010),family
https://a.ltrbxd.com/resized/film-poster/3/5/8/0/8/35808-steamboat-bill-jr--0-125-0-187-crop.jpg?v=ad7722e288,"Steamboat Bill, Jr. (1928)",family
https://a.ltrbxd.com/resized/sm/upload/n3/26/lb/e2/trm94WPjW5ApKulhFvuRm5cT8KQ-0-125-0-187-crop.jpg?v=7aa7423779,Aladdin (1992),family
https://a.ltrbxd.com/resized/film-poster/5/1/9/6/1/51961-indiana-jones-and-the-last-crusade-0-125-0-187-crop.jpg?v=0d5d1c2341,Indiana Jones and the Last Crusade (1989),family
https://a.ltrbxd.com/resized/sm/upload/u3/4q/88/zi/ei8hhYCMfURfPOXKBnyl61be2iV-0-125-0-187-crop.jpg?v=64a5b86293,Mary Poppins (1964),family
https://a.ltrbxd.com/resized/sm/upload/r0/m8/t4/gs/7m1wKo1rM9QL5DMJCAs66bDQVYC-0-125-0-187-crop.jpg?v=7267a24218,"Monsters, Inc. (2001)",family
https://a.ltrbxd.com/resized/film-poster/3/8/4/7/3/38473-children-of-heaven-0-125-0-187-crop.jpg?v=7e35efe304,Children of Heaven (1997),family
https://a.ltrbxd.com/resized/film-poster/1/1/2/9/5/6/112956-the-tale-of-the-princess-kaguya-0-125-0-187-crop.jpg?v=2f4295660e,The Tale of the Princess Kaguya (2013),family
https://a.ltrbxd.com/resized/film-poster/3/1/2/0/0/31200-the-cameraman-0-125-0-187-crop.jpg?v=9bd73fd90e,The Cameraman (1928),family
https://a.ltrbxd.com/resized/sm/upload/88/lu/ak/8v/5wDrNqePjb5SOucrWQwiFu340vv-0-125-0-187-crop.jpg?v=acc9d9c27b,Return of the Jedi (1983),family
https://a.ltrbxd.com/resized/film-poster/5/1/9/6/9/51969-nausicaa-of-the-valley-of-the-wind-0-125-0-187-crop.jpg?v=059bc2bbc0,Nausicaä of the Valley of the Wind (1984),family
https://a.ltrbxd.com/resized/film-poster/5/1/6/8/2/51682-snow-white-and-the-seven-dwarfs-0-125-0-187-crop.jpg?v=93d2681131,Snow White and the Seven Dwarfs (1937),family
https://a.ltrbxd.com/resized/film-poster/8/8/5/6/9/88569-wolf-children-0-125-0-187-crop.jpg?v=867dc25c30,Wolf Children (2012),family
https://a.ltrbxd.com/resized/film-poster/5/1/2/9/6/51296-who-framed-roger-rabbit-0-125-0-187-crop.jpg?v=b3602a5ccc,Who Framed Roger Rabbit (1988),family
https://a.ltrbxd.com/resized/sm/upload/5e/rk/0e/99/C70E830B-E641-4CD4-87B3-8DFB91383E20-0-125-0-187-crop.jpg?v=359a791d0d,Kiki's Delivery Service (1989),family
https://a.ltrbxd.com/resized/film-poster/5/1/2/4/3/51243-meet-me-in-st-louis-0-125-0-187-crop.jpg?v=e6eb3f3245,Meet Me in St. Louis (1944),family
https://a.ltrbxd.com/resized/film-poster/1/9/2/4/1/0/192410-zootopia-0-125-0-187-crop.jpg?v=e22eae9a2a,Zootopia (2016),family
https://a.ltrbxd.com/resized/film-poster/4/6/1/5/7/46157-castle-in-the-sky-0-125-0-187-crop.jpg?v=b1924d4dcd,Castle in the Sky (1986),family
https://a.ltrbxd.com/resized/film-poster/4/5/5/9/3/45593-my-fair-lady-0-125-0-187-crop.jpg?v=c444c9f37d,My Fair Lady (1964),family
https://a.ltrbxd.com/resized/sm/upload/4u/io/br/dp/drlyoSKDOPnxzJFrRWGqzDsyJvR-0-125-0-187-crop.jpg?v=acbeccd915,A Silent Voice (2016),family
https://a.ltrbxd.com/resized/sm/upload/a3/0q/kf/h8/jUFjMoLh8T2CWzHUSjKCojI5SHu-0-125-0-187-crop.jpg?v=6285ee260e,Harry Potter and the Prisoner of Azkaban (2004),family
https://a.ltrbxd.com/resized/film-poster/4/3/8/7/5/1/438751-klaus-0-125-0-187-crop.jpg?v=f935de3efa,Klaus (2019),family
https://a.ltrbxd.com/resized/film-poster/4/6/3/4/4/46344-fantastic-mr-fox-0-125-0-187-crop.jpg?v=3a2a858065,Fantastic Mr. Fox (2009),family
https://a.ltrbxd.com/resized/film-poster/5/1/3/7/4/51374-mr-hulot-s-holiday-0-125-0-187-crop.jpg?v=9c9cef6f01,Monsieur Hulot's Holiday (1953),family
https://a.ltrbxd.com/resized/film-poster/2/6/7/1/3/26713-whisper-of-the-heart-0-125-0-187-crop.jpg?v=d1e50d223e,Whisper of the Heart (1995),family
https://a.ltrbxd.com/resized/film-poster/2/4/0/0/6/8/240068-kubo-and-the-two-strings-0-125-0-187-crop.jpg?v=0ff2eecb8b,Kubo and the Two Strings (2016),family
https://a.ltrbxd.com/resized/film-poster/4/5/7/9/7/45797-pinocchio-0-125-0-187-crop.jpg?v=a404509a48,Pinocchio (1940),family
https://a.ltrbxd.com/resized/sm/upload/az/2g/rn/wz/7HdNvpAMnU9rjKDJSFzAjnsz0eh-0-125-0-187-crop.jpg?v=d12c4cb9e6,The Lego Movie (2014),family
https://a.ltrbxd.com/resized/film-poster/5/1/4/2/5/51425-our-hospitality-0-125-0-187-crop.jpg?v=a83329c123,Our Hospitality (1923),family
https://a.ltrbxd.com/resized/film-poster/2/2/8/6/2/8/228628-toy-story-4-0-125-0-187-crop.jpg?v=e5bf22ba02,Toy Story 4 (2019),family
https://a.ltrbxd.com/resized/film-poster/4/2/8/0/0/42800-fiddler-on-the-roof-0-125-0-187-crop.jpg?v=b6fafe2a6b,Fiddler on the Roof (1971),family
https://a.ltrbxd.com/resized/film-poster/5/1/8/0/4/51804-willy-wonka-the-chocolate-factory-0-125-0-187-crop.jpg?v=df80e8be28,Willy Wonka & the Chocolate Factory (1971),family
https://a.ltrbxd.com/resized/film-poster/5/1/3/4/4/51344-shrek-0-125-0-187-crop.jpg?v=b830011aa2,Shrek (2001),family
https://a.ltrbxd.com/resized/sm/upload/vs/pg/yn/s8/a-christmas-story-0-125-0-187-crop.jpg?v=8349377b12,A Christmas Story (1983),family
https://a.ltrbxd.com/resized/film-poster/2/0/1/9/0/9/201909-moana-0-125-0-187-crop.jpg?v=cfeffc2eaa,Moana (2016),family
https://a.ltrbxd.com/resized/film-poster/4/4/9/2/2/44922-miracle-on-34th-street-0-125-0-187-crop.jpg?v=4956a1ef98,Miracle on 34th Street (1947),family
https://a.ltrbxd.com/resized/film-poster/4/8/0/0/4/48004-taare-zameen-par-0-125-0-187-crop.jpg?v=21e4e3906b,Like Stars on Earth (2007),family
https://a.ltrbxd.com/resized/film-poster/1/7/4/9/0/8/174908-the-many-adventures-of-winnie-the-pooh-0-125-0-187-crop.jpg?v=631255ca0c,The Many Adventures of Winnie the Pooh (1977),family
https://a.ltrbxd.com/resized/sm/upload/bp/5t/7x/kv/ejjJE8Lj6i4mI45Vi8XaH5bqazV-0-125-0-187-crop.jpg?v=a7be792103,Ernest & Celestine (2012),family
https://a.ltrbxd.com/resized/sm/upload/9n/4k/7a/cy/yRCXzT7N02a1UdAybfom6omWlTH-0-125-0-187-crop.jpg?v=dae0940aaf,Still Walking (2008),family
https://a.ltrbxd.com/resized/sm/upload/tp/jv/zf/fi/Amwq3yJP4VblXUptDAV7S13smCd-0-125-0-187-crop.jpg?v=0557a0e3dd,The Little Mermaid (1989),family
https://a.ltrbxd.com/resized/film-poster/3/2/7/9/0/9/327909-my-life-as-a-zucchini-0-125-0-187-crop.jpg?v=bd9c2b849c,My Life as a Zucchini (2016),family
https://a.ltrbxd.com/resized/sm/upload/3b/m1/my/pc/48Ve7uLDcPJFGaDnmYYdcV3Ve1M-0-125-0-187-crop.jpg?v=4eaa4a510f,The Muppet Movie (1979),family
https://a.ltrbxd.com/resized/sm/upload/yz/dm/zk/5z/5vG3XyQNxOkl2Qd7D8MzMoY6sm2-0-125-0-187-crop.jpg?v=660de4097f,Mulan (1998),family
https://a.ltrbxd.com/resized/sm/upload/hu/db/3b/mm/q6WZxPlic8hpKzCxnzWOFCCLQfo-0-125-0-187-crop.jpg?v=d5c2ad9fb4,Big Hero 6 (2014),family
https://a.ltrbxd.com/resized/film-poster/1/5/6/6/9/15669-where-is-the-friend-s-house--0-125-0-187-crop.jpg?v=fa9af1e128,Where Is My Friend's House? (1987),family
https://a.ltrbxd.com/resized/film-poster/4/1/2/2/8/41228-the-color-of-paradise-0-125-0-187-crop.jpg?v=b91af152ec,The Colour of Paradise (1999),family
https://a.ltrbxd.com/resized/film-poster/4/4/5/9/4/44594-ponyo-0-125-0-187-crop.jpg?v=6e5faa20db,Ponyo (2008),family
https://a.ltrbxd.com/resized/film-poster/4/5/3/7/4/45374-dumbo-0-125-0-187-crop.jpg?v=b9339f84e9,Dumbo (1941),family
https://a.ltrbxd.com/resized/film-poster/6/9/1/4/2/69142-how-to-train-your-dragon-2-0-125-0-187-crop.jpg?v=948eb92628,How to Train Your Dragon 2 (2014),family
https://a.ltrbxd.com/resized/sm/upload/xa/y9/gs/73/a7LslH4Ofdvi1oam9Bbhb2UyMR2-0-125-0-187-crop.jpg?v=7371a3ef58,A Little Princess (1995),family
https://a.ltrbxd.com/resized/film-poster/1/8/4/0/6/1/184061-incredibles-2-0-125-0-187-crop.jpg?v=ba643664bd,Incredibles 2 (2018),family
https://a.ltrbxd.com/resized/film-poster/4/9/8/1/6/49816-bambi-0-125-0-187-crop.jpg?v=3df9758764,Bambi (1942),family
https://a.ltrbxd.com/resized/film-poster/4/2/7/7/9/42779-coraline-0-125-0-187-crop.jpg?v=b792483e2a,Coraline (2009),family
https://a.ltrbxd.com/resized/sm/upload/0w/h1/le/1p/632CtNOARAuWYfdjoYn6ooP3BHQ-0-125-0-187-crop.jpg?v=845e60968f,Tangled (2010),family
https://a.ltrbxd.com/resized/film-poster/9/2/1/6/0/92160-paddington-0-125-0-187-crop.jpg?v=c7db8f284b,Paddington (2014),family
https://a.ltrbxd.com/resized/film-poster/4/5/7/4/5/45745-oliver-twist-0-125-0-187-crop.jpg?v=d94ed818a7,Oliver Twist (1948),family
https://a.ltrbxd.com/resized/sm/upload/ba/5u/k5/he/arietty-0-125-0-187-crop.jpg?v=c291004a3a,The Secret World of Arrietty (2010),family
https://a.ltrbxd.com/resized/film-poster/3/4/1/4/4/0/341440-wonder-0-125-0-187-crop.jpg?v=a73db5a6e9,Wonder (2017),family
https://a.ltrbxd.com/resized/film-poster/4/5/0/5/0/45050-the-secret-of-nimh-0-125-0-187-crop.jpg?v=9f1f11fc1f,The Secret of NIMH (1982),family
https://a.ltrbxd.com/resized/sm/upload/kp/9v/8u/7j/rSmmVKeW3nsP86V2S6R7ePs4CFw-0-125-0-187-crop.jpg?v=2e7a1b811a,Hugo (2011),family
https://a.ltrbxd.com/resized/film-poster/4/7/2/6/9/47269-the-jungle-book-0-125-0-187-crop.jpg?v=2a1e73463a,The Jungle Book (1967),family
https://a.ltrbxd.com/resized/film-poster/5/1/5/8/4/51584-wallace-gromit-the-curse-of-the-were-rabbit-0-125-0-187-crop.jpg?v=6ac9f0b386,Wallace & Gromit: The Curse of the Were-Rabbit (2005),family
https://a.ltrbxd.com/resized/sm/upload/t3/qn/vs/p5/s5fH3GqFcHbi2F0NSBSh4KRNTc0-0-125-0-187-crop.jpg?v=01880125bb,The Thing (1982),horror
https://a.ltrbxd.com/resized/sm/upload/a0/cs/2i/ec/81d8oyEFgj7FlxJqSDXWr8JH8kV-0-125-0-187-crop.jpg?v=e598300003,Psycho (1960),horror
https://a.ltrbxd.com/resized/sm/upload/8v/f1/qw/aa/bg7K6VtUG7Ew70gQj6SSroD5d4R-0-125-0-187-crop.jpg?v=a932f9e98e,Alien (1979),horror
https://a.ltrbxd.com/resized/sm/upload/7s/m2/bw/d0/caoYMcjUamGoBVy65i1AHJBvdzw-0-125-0-187-crop.jpg?v=88d9d6cce4,The Shining (1980),horror
https://a.ltrbxd.com/resized/film-poster/4/0/4/1/5/40415-the-cremator-0-125-0-187-crop.jpg?v=a7019ceedb,The Cremator (1969),horror
https://a.ltrbxd.com/resized/film-poster/8/4/6/8/3/84683-demons-0-125-0-187-crop.jpg?v=a728640acb,Demons (1971),horror
https://a.ltrbxd.com/resized/sm/upload/ea/vc/su/y2/fdLOXB8AysEGRL44I1RvoKiWDcW-0-125-0-187-crop.jpg?v=8e18e4f70c,Rosemary's Baby (1968),horror
https://a.ltrbxd.com/resized/sm/upload/hx/mh/nt/mz/kwaidan-0-125-0-187-crop.jpg?v=02c4c5b569,Kwaidan (1964),horror
https://a.ltrbxd.com/resized/sm/upload/8c/pk/z8/4v/aIjO3kraeaD4MDBSef3rTO2vIuZ-0-125-0-187-crop.jpg?v=cb9f332628,Possession (1981),horror
https://a.ltrbxd.com/resized/sm/upload/cq/ht/cp/b9/7Zr0EuDMcIvnJREsLmaAWi5x7mV-0-125-0-187-crop.jpg?v=2a2340c9fd,What Ever Happened to Baby Jane? (1962),horror
https://a.ltrbxd.com/resized/film-poster/2/8/1/9/5/28195-cure-0-125-0-187-crop.jpg?v=74a48c4849,Cure (1997),horror
https://a.ltrbxd.com/resized/film-poster/1/7/2/5/3/7/172537-what-we-do-in-the-shadows-0-125-0-187-crop.jpg?v=ae4757f3a6,What We Do in the Shadows (2014),horror
https://a.ltrbxd.com/resized/film-poster/7/0/8/1/8/70818-manichitrathazhu-0-125-0-187-crop.jpg?v=855b51d051,Manichitrathazhu (1993),horror
https://a.ltrbxd.com/resized/film-poster/5/1/3/2/5/51325-diabolique-0-125-0-187-crop.jpg?v=4b7fb60833,Diabolique (1955),horror
https://a.ltrbxd.com/resized/sm/upload/ml/ms/2l/70/qVm0rfvoT72pabRR87AE36kxmR0-0-125-0-187-crop.jpg?v=36bbffd5c5,Faust (1926),horror
https://a.ltrbxd.com/resized/film-poster/4/1/6/0/8/41608-the-innocents-0-125-0-187-crop.jpg?v=16ab88a1be,The Innocents (1961),horror
https://a.ltrbxd.com/resized/sm/upload/xb/qg/78/zd/tOQekTHJmVCgfUYXTb6dLAu6l8W-0-125-0-187-crop.jpg?v=647348df81,Twin Peaks: Fire Walk with Me (1992),horror
https://a.ltrbxd.com/resized/film-poster/4/2/9/5/7/1/429571-the-wolf-house-0-125-0-187-crop.jpg?v=34ae08eff4,The Wolf House (2018),horror
https://a.ltrbxd.com/resized/film-poster/9/3/4/8/5/93485-the-skeleton-of-mrs-morales-0-125-0-187-crop.jpg?v=6dd1f6224d,The Skeleton of Mrs. Morales (1960),horror
https://a.ltrbxd.com/resized/film-poster/4/3/3/8/6/3/433863-the-lighthouse-0-125-0-187-crop.jpg?v=ee97005537,The Lighthouse (2019),horror
https://a.ltrbxd.com/resized/film-poster/4/9/4/5/5/49455-scream-0-125-0-187-crop.jpg?v=8bb3c66a30,Scream (1996),horror
https://a.ltrbxd.com/resized/film-poster/8/1/0/0/8100-the-phantom-carriage-0-125-0-187-crop.jpg?v=630b8c935a,The Phantom Carriage (1921),horror
https://a.ltrbxd.com/resized/film-poster/5/1/8/2/2/51822-the-cabinet-of-dr-caligari-0-125-0-187-crop.jpg?v=5e27d0c453,The Cabinet of Dr. Caligari (1920),horror
https://a.ltrbxd.com/resized/film-poster/3/4/6/1/5/34615-phantom-of-the-paradise-0-125-0-187-crop.jpg?v=3c231dd1ff,Phantom of the Paradise (1974),horror
https://a.ltrbxd.com/resized/sm/upload/3x/qu/ti/2g/nITg6iRWo3CVWJEnhV4AiD3ukfx-0-125-0-187-crop.jpg?v=d394e337a5,Onibaba (1964),horror
https://a.ltrbxd.com/resized/film-poster/4/2/4/3/4/8/424348-hereditary-0-125-0-187-crop.jpg?v=470e48b681,Hereditary (2018),horror
https://a.ltrbxd.com/resized/sm/upload/7f/z3/ho/6j/6vblWscFAbIm9V5CwHC7IImgAq9-0-125-0-187-crop.jpg?v=b505ff45b0,House (1977),horror
https://a.ltrbxd.com/resized/film-poster/4/3/9/8/9/43989-let-the-right-one-in-0-125-0-187-crop.jpg?v=c738641b77,Let the Right One In (2008),horror
https://a.ltrbxd.com/resized/sm/upload/s2/hd/bv/ij/4kHPCcBI8d8nb5YP4D39mo2z3Zp-0-125-0-187-crop.jpg?v=bdbfed09b6,Kuroneko (1968),horror
https://a.ltrbxd.com/resized/film-poster/5/0/8/6/6/50866-godzilla-0-125-0-187-crop.jpg?v=2b549c08f0,Godzilla (1954),horror
https://a.ltrbxd.com/resized/film-poster/5/1/5/4/2/51542-jaws-0-125-0-187-crop.jpg?v=03299455f6,Jaws (1975),horror
https://a.ltrbxd.com/resized/film-poster/4/7/0/4/8/47048-the-exorcist-0-125-0-187-crop.jpg?v=897c9aa211,The Exorcist (1973),horror
https://a.ltrbxd.com/resized/film-poster/2/7/6/9/8/27698-the-rocky-horror-picture-show-0-125-0-187-crop.jpg?v=737e51d6bc,The Rocky Horror Picture Show (1975),horror
https://a.ltrbxd.com/resized/film-poster/4/4/3/0/8/6/443086-one-cut-of-the-dead-0-125-0-187-crop.jpg?v=41cb73909b,One Cut of the Dead (2017),horror
https://a.ltrbxd.com/resized/film-poster/5/1/8/2/7/51827-the-bride-of-frankenstein-0-125-0-187-crop.jpg?v=d686f99c66,The Bride of Frankenstein (1935),horror
https://a.ltrbxd.com/resized/sm/upload/m3/dw/c1/xn/4o52BPrgvq7b2xFy1OdVSIoIn1T-0-125-0-187-crop.jpg?v=7cdd6fab3f,I Saw the Devil (2010),horror
https://a.ltrbxd.com/resized/sm/upload/mj/ua/dq/ml/faPfcZ181gWmCoMbal7bAXFPFh9-0-125-0-187-crop.jpg?v=29916e0458,Night of the Living Dead (1968),horror
https://a.ltrbxd.com/resized/sm/upload/q9/17/om/9y/8D6WEfNZr6JadQrqJr5OOq1QlV0-0-125-0-187-crop.jpg?v=b65bcfbd46,Dawn of the Dead (1978),horror
https://a.ltrbxd.com/resized/sm/upload/g0/25/2w/st/jCZKUUKPGJoWsFcHjryeeZuVAxN-0-125-0-187-crop.jpg?v=48f63d7257,Santa Sangre (1989),horror
https://a.ltrbxd.com/resized/film-poster/4/4/9/0/0/44900-suspiria-0-125-0-187-crop.jpg?v=d1fbb1d377,Suspiria (1977),horror
https://a.ltrbxd.com/resized/film-poster/3/6/5/6/8/6/365686-sleep-has-her-house-0-125-0-187-crop.jpg?v=95c82977a7,Sleep Has Her House (2017),horror
https://a.ltrbxd.com/resized/sm/upload/9r/ny/qc/eb/tJyGgOLDLDhJkUEI4wSoD4eO7n4-0-125-0-187-crop.jpg?v=ac6b230332,Peeping Tom (1960),horror
https://a.ltrbxd.com/resized/film-poster/4/7/1/7/1/47171-the-fly-0-125-0-187-crop.jpg?v=30802b8573,The Fly (1986),horror
https://a.ltrbxd.com/resized/film-poster/3/3/0/9/1/2/330912-train-to-busan-0-125-0-187-crop.jpg?v=5b11212e8e,Train to Busan (2016),horror
https://a.ltrbxd.com/resized/film-poster/8/8/7/1/8871-haxan-0-125-0-187-crop.jpg?v=cd0cff7624,Häxan (1922),horror
https://a.ltrbxd.com/resized/film-poster/4/0/4/2/2/40422-hour-of-the-wolf-0-125-0-187-crop.jpg?v=328a5ea98c,Hour of the Wolf (1968),horror
https://a.ltrbxd.com/resized/film-poster/8/5/3/8/2/2/853822-pearl-0-125-0-187-crop.jpg?v=471dfc4a24,Pearl (2022),horror
https://a.ltrbxd.com/resized/film-poster/2/2/0/5/5/6/220556-the-wailing-0-125-0-187-crop.jpg?v=4c008fcbc3,The Wailing (2016),horror
https://a.ltrbxd.com/resized/film-poster/9/0/4/8/0/90480-mother-joan-of-the-angels-0-125-0-187-crop.jpg?v=49dbf8c01a,Mother Joan of the Angels (1961),horror
https://a.ltrbxd.com/resized/film-poster/6/0/2/9/8/60298-halloween-0-125-0-187-crop.jpg?v=bcb3149dda,Halloween (1978),horror
https://a.ltrbxd.com/resized/film-poster/5/1/9/1/5/51915-freaks-0-125-0-187-crop.jpg?v=fb3a1ef03f,Freaks (1932),horror
https://a.ltrbxd.com/resized/film-poster/3/1/1/9/4/31194-eyes-without-a-face-0-125-0-187-crop.jpg?v=9caa862376,Eyes Without a Face (1960),horror
https://a.ltrbxd.com/resized/film-poster/3/1/9/8/5/31985-the-texas-chain-saw-massacre-0-125-0-187-crop.jpg?v=c63b3f1958,The Texas Chain Saw Massacre (1974),horror
https://a.ltrbxd.com/resized/film-poster/6/8/2/5/4/7/682547-nope-0-125-0-187-crop.jpg?v=2df43b63a2,Nope (2022),horror
https://a.ltrbxd.com/resized/sm/upload/6u/bl/vb/cd/5oNHdVo0vTsaC47Jv2Wb4eeo4V4-0-125-0-187-crop.jpg?v=b2619cea7f,Invasion of the Body Snatchers (1978),horror
https://a.ltrbxd.com/resized/sm/upload/37/4z/4w/cc/rSHs6nsCw6vJwgz9djlAp4g3NCN-0-125-0-187-crop.jpg?v=f93ceb8e5b,Deep Red (1975),horror
https://a.ltrbxd.com/resized/film-poster/4/1/6/6/2/41662-the-wicker-man-0-125-0-187-crop.jpg?v=1ccafd8db0,The Wicker Man (1973),horror
https://a.ltrbxd.com/resized/sm/upload/87/bo/zt/5w/auD6GTyZXrvkv8ZQIGmpJsHFJxn-0-125-0-187-crop.jpg?v=940b915d8a,Braindead (1992),horror
https://a.ltrbxd.com/resized/sm/upload/cw/7x/ig/m6/l8oAmU5swopsyWzTHpZtAK15Mrc-0-125-0-187-crop.jpg?v=c9fb159d8f,Eraserhead (1977),horror
https://a.ltrbxd.com/resized/film-poster/5/1/4/7/1/51471-nosferatu-0-125-0-187-crop.jpg?v=97f8f97666,Nosferatu (1922),horror
https://a.ltrbxd.com/resized/sm/upload/y2/i8/9s/h1/tNr2KYytArZNSh0K8PUcHU3JnX4-0-125-0-187-crop.jpg?v=45f739a242,The Witch (2015),horror
https://a.ltrbxd.com/resized/film-poster/4/5/2/6/3/45263-repulsion-0-125-0-187-crop.jpg?v=54da67ac02,Repulsion (1965),horror
https://a.ltrbxd.com/resized/film-poster/3/4/4/4/9/34449-the-man-who-laughs-0-125-0-187-crop.jpg?v=bab7794482,The Man Who Laughs (1928),horror
https://a.ltrbxd.com/resized/film-poster/3/1/6/3/9/31639-this-night-i-ll-possess-your-corpse-0-125-0-187-crop.jpg?v=bb44cd79ea,This Night I'll Possess Your Corpse (1967),horror
https://a.ltrbxd.com/resized/sm/upload/2c/5d/69/bc/uc3OvgmbnYaS5Y0BOjSmC1EmSz1-0-125-0-187-crop.jpg?v=52ac29973c,Carrie (1976),horror
https://a.ltrbxd.com/resized/film-poster/4/1/9/2/0/41920-vampire-hunter-d-bloodlust-0-125-0-187-crop.jpg?v=9da12c9374,Vampire Hunter D: Bloodlust (2000),horror
https://a.ltrbxd.com/resized/film-poster/9/9/4/3/2/99432-nazareno-cruz-and-the-wolf-0-125-0-187-crop.jpg?v=00a4fc4589,Nazareno Cruz and the Wolf (1975),horror
https://a.ltrbxd.com/resized/film-poster/4/1/3/0/5/41305-black-christmas-0-125-0-187-crop.jpg?v=d92adfabac,Black Christmas (1974),horror
https://a.ltrbxd.com/resized/film-poster/4/5/7/6/8/45768-the-return-of-the-living-dead-0-125-0-187-crop.jpg?v=c49bf1856e,The Return of the Living Dead (1985),horror
https://a.ltrbxd.com/resized/film-poster/4/5/5/0/3/45503-wait-until-dark-0-125-0-187-crop.jpg?v=ceb3f07fbf,Wait Until Dark (1967),horror
https://a.ltrbxd.com/resized/sm/upload/g4/ie/ev/ab/8oKnNiu7Ijt1ESAEvANYhROGQiv-0-125-0-187-crop.jpg?v=181b839831,Rapture (1979),horror
https://a.ltrbxd.com/resized/film-poster/3/3/2/3/5/33235-poison-for-the-fairies-0-125-0-187-crop.jpg?v=7cb47c6a24,Poison for the Fairies (1986),horror
https://a.ltrbxd.com/resized/sm/upload/0v/a7/ib/7t/wB58wlBAr6484Wm6VyFDqSD8VOJ-0-125-0-187-crop.jpg?v=70996dc2b3,Frankenstein (1931),horror
https://a.ltrbxd.com/resized/sm/upload/jc/zx/ej/uw/iFIgRIhz3CdWDuKBqEDURV4a4Ly-0-125-0-187-crop.jpg?v=db0dde8109,The Skin I Live In (2011),horror
https://a.ltrbxd.com/resized/film-poster/5/1/3/3/8/51338-an-american-werewolf-in-london-0-125-0-187-crop.jpg?v=20aaa45d61,An American Werewolf in London (1981),horror
https://a.ltrbxd.com/resized/film-poster/4/5/9/5/6/4/459564-midsommar-0-125-0-187-crop.jpg?v=ed7b8ded1f,Midsommar (2019),horror
https://a.ltrbxd.com/resized/sm/upload/oy/yt/bi/bi/vXInYahVp31uL8wZORckaoHq565-0-125-0-187-crop.jpg?v=ab693adabf,King Kong (1933),horror
https://a.ltrbxd.com/resized/sm/upload/hb/62/sv/wn/15w76PDsXtPjBgnEJlZLZceBfZR-0-125-0-187-crop.jpg?v=7b891db489,The Invisible Man (1933),horror
https://a.ltrbxd.com/resized/film-poster/6/4/2/1/6421-gamera-3-revenge-of-iris-0-125-0-187-crop.jpg?v=2ae26e7d72,Gamera 3: Revenge of Iris (1999),horror
https://a.ltrbxd.com/resized/sm/upload/nk/ig/ti/p9/sIygsUfPDD7pfdvmZR9PKArZ2Jp-0-125-0-187-crop.jpg?v=0048d279b8,Tetsuo: The Iron Man (1989),horror
https://a.ltrbxd.com/resized/sm/upload/4c/00/5v/3l/xLblSyhe4qSbYM5vGLC6yCn332E-0-125-0-187-crop.jpg?v=153e71c706,Helter Skelter (2012),horror
https://a.ltrbxd.com/resized/sm/upload/kc/v0/s3/u0/8HCGR4TaFwhlvmsqPPqobKC73F3-0-125-0-187-crop.jpg?v=e816aae25f,Little Shop of Horrors (1986),horror
https://a.ltrbxd.com/resized/sm/upload/8g/5p/p4/6b/8YWirGQidtZeSEmhqvQM5FrI6N1-0-125-0-187-crop.jpg?v=10e3695a0f,Shin Godzilla (2016),horror
https://a.ltrbxd.com/resized/film-poster/7/1/5/1/7/71517-kotoko-0-125-0-187-crop.jpg?v=dee32e28cb,Kotoko (2011),horror
https://a.ltrbxd.com/resized/film-poster/4/8/3/2/9/48329-nosferatu-the-vampyre-0-125-0-187-crop.jpg?v=3d227a531f,Nosferatu the Vampyre (1979),horror
https://a.ltrbxd.com/resized/film-poster/4/5/2/6/2/45262-the-tenant-0-125-0-187-crop.jpg?v=24a7cf2aac,The Tenant (1976),horror
https://a.ltrbxd.com/resized/film-poster/4/7/2/9/3/47293-thesis-0-125-0-187-crop.jpg?v=354560e16c,Thesis (1996),horror
https://a.ltrbxd.com/resized/sm/upload/39/qa/pe/il/uyeN4st0QQFeucSlc8n1NTXFhOY-0-125-0-187-crop.jpg?v=8c7bd7160f,The Devil (1972),horror
https://a.ltrbxd.com/resized/film-poster/3/1/6/4/0/31640-at-midnight-i-ll-take-your-soul-0-125-0-187-crop.jpg?v=a70dcc97c3,At Midnight I'll Take Your Soul (1964),horror
https://a.ltrbxd.com/resized/film-poster/1/2/7/4/7/12747-morgiana-0-125-0-187-crop.jpg?v=d3b3a5a0e0,Morgiana (1972),horror
https://a.ltrbxd.com/resized/sm/upload/xi/cb/mo/xg/bones2-0-125-0-187-crop.jpg?v=bdb6694df9,Bones and All (2022),horror
https://a.ltrbxd.com/resized/film-poster/3/6/2/8/6/36286-night-of-the-demon-0-125-0-187-crop.jpg?v=e0f9a4df32,Night of the Demon (1957),horror
https://a.ltrbxd.com/resized/film-poster/4/5/2/8/8/45288-manhunter-0-125-0-187-crop.jpg?v=082953f1e1,Manhunter (1986),horror
https://a.ltrbxd.com/resized/sm/upload/au/nb/i6/lq/fsoTLnUXEUTNuVCBxAJMY0HPPd-0-125-0-187-crop.jpg?v=16789732be,Her (2013),romance
https://a.ltrbxd.com/resized/sm/upload/ay/bp/kl/1y/uBfQ7IGpi0jXSP3GPCzp9Pzm10v-0-125-0-187-crop.jpg?v=116621c401,Eternal Sunshine of the Spotless Mind (2004),romance
https://a.ltrbxd.com/resized/sm/upload/g9/9t/cc/7u/tcNniniS4rfqrLH0oORikJfnIwY-0-125-0-187-crop.jpg?v=f0c073f2b4,Call Me by Your Name (2017),romance
https://a.ltrbxd.com/resized/film-poster/2/4/0/3/4/4/240344-la-la-land-0-125-0-187-crop.jpg?v=053670ff84,La La Land (2016),romance
https://a.ltrbxd.com/resized/film-poster/5/1/9/7/4/51974-before-sunrise-0-125-0-187-crop.jpg?v=de3c4718dc,Before Sunrise (1995),romance
https://a.ltrbxd.com/resized/film-poster/5/1/9/7/0/51970-before-sunset-0-125-0-187-crop.jpg?v=059bc2bbc0,Before Sunset (2004),romance
https://a.ltrbxd.com/resized/film-poster/4/7/9/1/4/47914-punch-drunk-love-0-125-0-187-crop.jpg?v=032fc20313,Punch-Drunk Love (2002),romance
https://a.ltrbxd.com/resized/sm/upload/kq/vf/8s/1p/wOBKAoUJZb5qTsWv5XXvVV2vUzz-0-125-0-187-crop.jpg?v=cdb9b25970,Casablanca (1942),romance
https://a.ltrbxd.com/resized/film-poster/5/1/9/0/9/51909-brokeback-mountain-0-125-0-187-crop.jpg?v=40ad2b59a0,Brokeback Mountain (2005),romance
https://a.ltrbxd.com/resized/sm/upload/g1/7l/2j/qk/tSRdvZY1waXrTeMqeLBmq9IRs08-0-125-0-187-crop.jpg?v=938633fc19,In the Mood for Love (2000),romance
https://a.ltrbxd.com/resized/film-poster/1/8/2/1/4/2/182142-carol-0-125-0-187-crop.jpg?v=41ac88b68e,Carol (2015),romance
https://a.ltrbxd.com/resized/sm/upload/f0/2f/4e/am/bxVvUHI1A9PWoVfEBZko6FZPv5A-0-125-0-187-crop.jpg?v=b150ad168f,The Shape of Water (2017),romance
https://a.ltrbxd.com/resized/sm/upload/ly/0v/ey/u7/pM20xF4WFyX7G3ie0YBXFp75aEC-0-125-0-187-crop.jpg?v=bc8a28c252,Amélie (2001),romance
https://a.ltrbxd.com/resized/film-poster/5/1/4/2/3/51423-annie-hall-0-125-0-187-crop.jpg?v=1fa63140ef,Annie Hall (1977),romance
https://a.ltrbxd.com/resized/film-poster/5/1/7/7/4/51774-the-apartment-0-125-0-187-crop.jpg?v=7df6fac704,The Apartment (1960),romance
https://a.ltrbxd.com/resized/sm/upload/v5/7f/mn/y8/ysTohGF7NY9Z6MYz9vLNYiyzh0r-0-125-0-187-crop.jpg?v=689b2b9ee8,Moonrise Kingdom (2012),romance
https://a.ltrbxd.com/resized/film-poster/1/0/2/4/4/4/102444-before-midnight-0-125-0-187-crop.jpg?v=ce6aba20f1,Before Midnight (2013),romance
https://a.ltrbxd.com/resized/film-poster/5/1/3/0/1/51301-brief-encounter-0-125-0-187-crop.jpg?v=0ce95d7453,Brief Encounter (1945),romance
https://a.ltrbxd.com/resized/sm/upload/md/ku/l7/m5/xq1Ugd62d23K2knRUx6xxuALTZB-0-125-0-187-crop.jpg?v=443be7928f,Your Name. (2016),romance
https://a.ltrbxd.com/resized/sm/upload/pc/n6/pz/mi/wvzfK5QR6dGLwND8MCzWjsQWG4Q-0-125-0-187-crop.jpg?v=bcfcc8f8f6,The Handmaiden (2016),romance
https://a.ltrbxd.com/resized/film-poster/5/1/5/2/4/51524-titanic-0-125-0-187-crop.jpg?v=7517ea94ce,Titanic (1997),romance
https://a.ltrbxd.com/resized/film-poster/5/1/4/8/5/51485-when-harry-met-sally--0-125-0-187-crop.jpg?v=2f277e2fe7,When Harry Met Sally... (1989),romance
https://a.ltrbxd.com/resized/sm/upload/th/b5/6c/gl/5T8VvuFTdaawKLJk34i69Utaw7o-0-125-0-187-crop.jpg?v=ce6ae8e1b4,Lost in Translation (2003),romance
https://a.ltrbxd.com/resized/sm/upload/90/gn/c7/9k/qAwFbszz0kRyTuXmMeKQZCX3Q2O-0-125-0-187-crop.jpg?v=192bde15c6,Moonlight (2016),romance
https://a.ltrbxd.com/resized/sm/upload/dn/ni/2p/7i/r8l15gDSQMupjKXEyXkOMkRpcsn-0-125-0-187-crop.jpg?v=6c93540868,Blue Valentine (2010),romance
https://a.ltrbxd.com/resized/film-poster/3/9/3/5/0/39350--500-days-of-summer-0-125-0-187-crop.jpg?v=05995ae0b3,(500) Days of Summer (2009),romance
https://a.ltrbxd.com/resized/film-poster/4/5/6/0/2/45602-chungking-express-0-125-0-187-crop.jpg?v=9475abb05b,Chungking Express (1994),romance
https://a.ltrbxd.com/resized/sm/upload/uo/th/yf/uz/zSuh8dGwqpsWR7ccvYbfxbSZ37o-0-125-0-187-crop.jpg?v=7276b6e978,About Time (2013),romance
https://a.ltrbxd.com/resized/film-poster/3/3/5/3/8/4/335384-phantom-thread-0-125-0-187-crop.jpg?v=6b47f80ec7,Phantom Thread (2017),romance
https://a.ltrbxd.com/resized/film-poster/5/1/4/9/3/51493-sunrise-a-song-of-two-humans-0-125-0-187-crop.jpg?v=0cf76799f9,Sunrise: A Song of Two Humans (1927),romance
https://a.ltrbxd.com/resized/film-poster/3/5/0/3/8/4/350384-the-big-sick-0-125-0-187-crop.jpg?v=6c8629c912,The Big Sick (2017),romance
https://a.ltrbxd.com/resized/sm/upload/xc/8e/3x/nt/nUP6Kna8oiUl2VNbEQ4BJhTcpO8-0-125-0-187-crop.jpg?v=2c7de99ac3,Singin' in the Rain (1952),romance
https://a.ltrbxd.com/resized/film-poster/1/1/4/5/7/6/114576-blue-is-the-warmest-color-0-125-0-187-crop.jpg?v=039edf9ea6,Blue Is the Warmest Color (2013),romance
https://a.ltrbxd.com/resized/film-poster/5/1/3/2/8/51328-moulin-rouge--0-125-0-187-crop.jpg?v=399a18b5d8,Moulin Rouge! (2001),romance
https://a.ltrbxd.com/resized/sm/upload/hl/jj/br/9g/Kd5OkBc6GyUa1tIpxYUHLpyE2t-0-125-0-187-crop.jpg?v=a2db0a150a,10 Things I Hate About You (1999),romance
https://a.ltrbxd.com/resized/film-poster/1/7/8/1/2/3/178123-the-lobster-0-125-0-187-crop.jpg?v=1de42bb7a6,The Lobster (2015),romance
https://a.ltrbxd.com/resized/sm/upload/m4/4f/b1/h3/kfX8Ctin3fSZbdnjh6CXSNZUOVP-0-125-0-187-crop.jpg?v=4ac6c52761,Love Actually (2003),romance
https://a.ltrbxd.com/resized/film-poster/4/5/6/6/7/45667-the-notebook-0-125-0-187-crop.jpg?v=d867e84f30,The Notebook (2004),romance
https://a.ltrbxd.com/resized/sm/upload/0t/9m/7m/ti/5R4sbomuxa8wlH1T3WeSUTRZo4z-0-125-0-187-crop.jpg?v=b6e716a28f,Brooklyn (2015),romance
https://a.ltrbxd.com/resized/film-poster/5/1/7/1/9/51719-harold-and-maude-0-125-0-187-crop.jpg?v=6a2f175ab5,Harold and Maude (1971),romance
https://a.ltrbxd.com/resized/film-poster/7/3/3/5/9/73359-amour-0-125-0-187-crop.jpg?v=2a2710b0aa,Amour (2012),romance
https://a.ltrbxd.com/resized/sm/upload/ik/k2/ap/k2/the-fountain-0-125-0-187-crop.jpg?v=fb17f64db0,The Fountain (2006),romance
https://a.ltrbxd.com/resized/film-poster/4/9/8/9/3/49893-it-happened-one-night-0-125-0-187-crop.jpg?v=295aec1a60,It Happened One Night (1934),romance
https://a.ltrbxd.com/resized/sm/upload/ki/j6/o2/2a/steNZE5bgKiHb3AeLQNIl1j8YAS-0-125-0-187-crop.jpg?v=5a46866305,Paterson (2016),romance
https://a.ltrbxd.com/resized/sm/upload/nq/jo/26/tn/dAC0hkYmz5ZOCHURZCyj9isPMPd-0-125-0-187-crop.jpg?v=b3dac3ffd7,Pride & Prejudice (2005),romance
https://a.ltrbxd.com/resized/film-poster/6/9/1/5/1/69151-silver-linings-playbook-0-125-0-187-crop.jpg?v=dabe98e003,Silver Linings Playbook (2012),romance
https://a.ltrbxd.com/resized/sm/upload/kj/2i/dj/q6/jQuRu615tCfZKJzGCKzGbuIsfmP-0-125-0-187-crop.jpg?v=89036aefa7,The Umbrellas of Cherbourg (1964),romance
https://a.ltrbxd.com/resized/sm/upload/dc/9z/uc/56/tcMFeS4ur1CIZo6BSmsjKPSOxMk-0-125-0-187-crop.jpg?v=3087a1673a,Weekend (2011),romance
https://a.ltrbxd.com/resized/sm/upload/em/vs/66/tb/zRQhCSREdR9h4OzEVvwhdlZNZ6m-0-125-0-187-crop.jpg?v=60c3df64d6,West Side Story (1961),romance
https://a.ltrbxd.com/resized/film-poster/5/1/8/8/9/51889-edward-scissorhands-0-125-0-187-crop.jpg?v=38f2599419,Edward Scissorhands (1990),romance
https://a.ltrbxd.com/resized/film-poster/3/6/1/7/1/9/361719-god-s-own-country-0-125-0-187-crop.jpg?v=1c0cc5dd6b,God's Own Country (2017),romance
https://a.ltrbxd.com/resized/film-poster/5/1/3/4/8/51348-roman-holiday-0-125-0-187-crop.jpg?v=7329a156b1,Roman Holiday (1953),romance
https://a.ltrbxd.com/resized/sm/upload/ks/uk/z5/up/s0C78plmx3dFcO3WMnoXCz56FiN-0-125-0-187-crop.jpg?v=af7d03d32b,Sing Street (2016),romance
https://a.ltrbxd.com/resized/sm/upload/44/vx/ah/pc/quaWuwYZd8IbZMCOhW3CZEvyCWJ-0-125-0-187-crop.jpg?v=690eaa9389,Atonement (2007),romance
https://a.ltrbxd.com/resized/sm/upload/zx/51/yo/oc/ydENrBUenr4khaP6tj4JZn1CpMs-0-125-0-187-crop.jpg?v=8a56a47391,A Ghost Story (2017),romance
https://a.ltrbxd.com/resized/film-poster/5/1/3/8/2/51382-gone-with-the-wind-0-125-0-187-crop.jpg?v=8a843cf270,Gone with the Wind (1939),romance
https://a.ltrbxd.com/resized/sm/upload/64/us/cm/83/AuFvrbtWSPiBPIv9ewH2DV4nhCD-0-125-0-187-crop.jpg?v=4fee371b0d,The Graduate (1967),romance
https://a.ltrbxd.com/resized/sm/upload/d4/0z/wv/pr/xmW3o49z7iExUsren4R4QyN890H-0-125-0-187-crop.jpg?v=03127fc33b,Hiroshima Mon Amour (1959),romance
https://a.ltrbxd.com/resized/sm/upload/rh/3s/bc/rr/oyOtIdNJJO8zVwPyCtxVRxPLuHO-0-125-0-187-crop.jpg?v=e083c8c594,The Red Shoes (1948),romance
https://a.ltrbxd.com/resized/sm/upload/9o/06/4d/er/p8XfqaxYgopBMhpka6W8WP7hulU-0-125-0-187-crop.jpg?v=af31c9caad,The Spectacular Now (2013),romance
https://a.ltrbxd.com/resized/film-poster/5/1/9/0/7/51907-wings-of-desire-0-125-0-187-crop.jpg?v=9b4044c82d,Wings of Desire (1987),romance
https://a.ltrbxd.com/resized/sm/upload/ze/gg/k9/62/breaking-the-waves-0-125-0-187-crop.jpg?v=ef92445eaa,Breaking the Waves (1996),romance
https://a.ltrbxd.com/resized/film-poster/5/0/3/8/7/50387-chasing-amy-0-125-0-187-crop.jpg?v=2885d95175,Chasing Amy (1997),romance
https://a.ltrbxd.com/resized/sm/upload/x3/jx/v5/l2/rwxTYjOZmX2rGhz7avLe1qsjNqe-0-125-0-187-crop.jpg?v=5fe1a56460,Days of Heaven (1978),romance
https://a.ltrbxd.com/resized/film-poster/5/1/9/6/2/51962-dirty-dancing-0-125-0-187-crop.jpg?v=62e57df498,Dirty Dancing (1987),romance
https://a.ltrbxd.com/resized/sm/upload/9j/zy/5o/tg/md9kMKnLG8LG4pMDM98gy5x4K5L-0-125-0-187-crop.jpg?v=92fc8c1a91,Four Weddings and a Funeral (1994),romance
https://a.ltrbxd.com/resized/film-poster/3/3/8/6/9/33869-a-matter-of-life-and-death-0-125-0-187-crop.jpg?v=022cdbe0f5,A Matter of Life and Death (1946),romance
https://a.ltrbxd.com/resized/sm/upload/1e/0j/vs/s6/xxSopLYATHXSepXcEaBh9Gazv6p-0-125-0-187-crop.jpg?v=6073ba801b,Midnight in Paris (2011),romance
https://a.ltrbxd.com/resized/sm/upload/pa/ej/k3/ft/notting-hill-0-125-0-187-crop.jpg?v=a589bf6ce2,Notting Hill (1999),romance
https://a.ltrbxd.com/resized/film-poster/5/1/8/3/3/51833-rebecca-0-125-0-187-crop.jpg?v=bde4ae41c9,Rebecca (1940),romance
https://a.ltrbxd.com/resized/film-poster/1/0/3/3/0/2/103302-scenes-from-a-marriage-0-125-0-187-crop.jpg?v=896f33ee8b,Scenes from a Marriage (1974),romance
https://a.ltrbxd.com/resized/film-poster/5/1/1/0/5/51105-3-iron-0-125-0-187-crop.jpg?v=689106d661,3-Iron (2004),romance
https://a.ltrbxd.com/resized/film-poster/5/1/3/0/8/51308-2046-0-125-0-187-crop.jpg?v=52246d30bc,2046 (2004),romance
https://a.ltrbxd.com/resized/sm/upload/ay/kc/2m/81/c95lbDwL5WT8PV9DZsdSvRtXKNA-0-125-0-187-crop.jpg?v=e8848c7700,Breakfast at Tiffany's (1961),romance
https://a.ltrbxd.com/resized/film-poster/5/0/9/4/9/50949-it-s-a-wonderful-life-0-125-0-187-crop.jpg?v=64b72dd083,It's a Wonderful Life (1946),romance
https://a.ltrbxd.com/resized/film-poster/4/8/0/5/1/48051-juno-0-125-0-187-crop.jpg?v=19ad3fb7e5,Juno (2007),romance
https://a.ltrbxd.com/resized/sm/upload/pp/av/st/c7/fOSxpfWiNCDXgYLDdZ6hifrshrh-0-125-0-187-crop.jpg?v=0f9daba5f6,"Love, Rosie (2014)",romance
https://a.ltrbxd.com/resized/film-poster/4/8/6/9/9/48699-once-0-125-0-187-crop.jpg?v=987e7cc2cb,Once (2007),romance
https://a.ltrbxd.com/resized/sm/upload/zz/o0/mz/sv/fyYncUQh5gUTvxmQ4bigm2DVCv7-0-125-0-187-crop.jpg?v=1188bcf4af,The Perks of Being a Wallflower (2012),romance
https://a.ltrbxd.com/resized/film-poster/3/5/4/3/5/4/354354-professor-marston-the-wonder-women-0-125-0-187-crop.jpg?v=fba7573863,Professor Marston and the Wonder Women (2017),romance
https://a.ltrbxd.com/resized/film-poster/3/9/7/9/4/2/397942-to-all-the-boys-i-ve-loved-before-0-125-0-187-crop.jpg?v=e623dcf4f3,To All the Boys I've Loved Before (2018),romance
https://a.ltrbxd.com/resized/film-poster/5/1/8/4/0/51840-ali-fear-eats-the-soul-0-125-0-187-crop.jpg?v=7a9659c4c6,Ali: Fear Eats the Soul (1974),romance
https://a.ltrbxd.com/resized/film-poster/2/1/8/3/2/21832-all-that-heaven-allows-0-125-0-187-crop.jpg?v=c9f47eb1f2,All That Heaven Allows (1955),romance
https://a.ltrbxd.com/resized/film-poster/2/6/8/9/5/0/268950-baby-driver-0-125-0-187-crop.jpg?v=61304ddfc8,Baby Driver (2017),romance
https://a.ltrbxd.com/resized/sm/upload/0f/r6/bn/w7/x2JQCgLjieWOwvImeGtLmuNgsrq-0-125-0-187-crop.jpg?v=9c250ee969,Barry Lyndon (1975),romance
https://a.ltrbxd.com/resized/sm/upload/6d/6l/r3/e9/nu7XIa67cXc2t7frXCE5voXUJcN.jpg-0-125-0-187-crop.jpg?v=58a476ae28,Drive (2011),romance
https://a.ltrbxd.com/resized/film-poster/4/5/4/8/9/45489-fallen-angels-0-125-0-187-crop.jpg?v=26d8dd7207,Fallen Angels (1995),romance
https://a.ltrbxd.com/resized/film-poster/2/7/0/4/2704-forrest-gump-0-125-0-187-crop.jpg?v=173bc04cf0,Forrest Gump (1994),romance
https://a.ltrbxd.com/resized/film-poster/5/1/6/2/1/51621-good-will-hunting-0-125-0-187-crop.jpg?v=acb4766abd,Good Will Hunting (1997),romance
https://a.ltrbxd.com/resized/sm/upload/4w/sy/nq/o5/qrpUybe97xNRYk63TryiwbItoAV-0-125-0-187-crop.jpg?v=064ed91055,Happy Together (1997),romance
https://a.ltrbxd.com/resized/film-poster/5/1/9/6/8/51968-miami-vice-0-125-0-187-crop.jpg?v=323641dcfe,Miami Vice (2006),action
https://a.ltrbxd.com/resized/film-poster/3/4/8/4/3/9/348439-kill-bill-the-whole-bloody-affair-0-125-0-187-crop.jpg?v=1378ca307a,Kill Bill: The Whole Bloody Affair (2011),action
https://a.ltrbxd.com/resized/film-poster/6/2/7/8/0/62780-mad-max-fury-road-0-125-0-187-crop.jpg?v=37c5424b1f,Mad Max: Fury Road (2015),action
https://a.ltrbxd.com/resized/sm/upload/mi/dr/zr/6r/e3SnEE5ug02TsH86H6EF30laHjO-0-125-0-187-crop.jpg?v=7a2d316f72,Mission: Impossible - Ghost Protocol (2011),action
https://a.ltrbxd.com/resized/film-poster/5/1/9/0/5/51905-crouching-tiger-hidden-dragon-0-125-0-187-crop.jpg?v=175886e752,"Crouching Tiger, Hidden Dragon (2000)",action
https://a.ltrbxd.com/resized/film-poster/5/0/2/2/3/50223-the-bourne-ultimatum-0-125-0-187-crop.jpg?v=009e78c9f0,The Bourne Ultimatum (2007),action
https://a.ltrbxd.com/resized/sm/upload/en/hv/eg/er/o12IDVPUYOhbe3MnQGmbaUreRn9-0-125-0-187-crop.jpg?v=cf780d3c7f,Haywire (2011),action
https://a.ltrbxd.com/resized/film-poster/1/7/2/0/7/6/172076-john-wick-0-125-0-187-crop.jpg?v=9e2acb1016,John Wick (2014),action
https://a.ltrbxd.com/resized/film-poster/2/0/3/3/6/20336-the-grandmaster-0-125-0-187-crop.jpg?v=5042364bc8,The Grandmaster (2013),action
https://a.ltrbxd.com/resized/film-poster/5/0/9/9/5/50995-collateral-0-125-0-187-crop.jpg?v=1691f38093,Collateral (2004),action
https://a.ltrbxd.com/resized/film-poster/7/8/2/6/6/78266-the-raid-0-125-0-187-crop.jpg?v=4095a2a23a,The Raid (2011),action
https://a.ltrbxd.com/resized/sm/upload/1o/qh/5e/ur/dS5AHLt4DhZpisxryIxKJU6Urxb-0-125-0-187-crop.jpg?v=921863cb0d,Minority Report (2002),action
https://a.ltrbxd.com/resized/film-poster/5/0/9/5/5/50955-apocalypto-0-125-0-187-crop.jpg?v=a8148e5e1d,Apocalypto (2006),action
https://a.ltrbxd.com/resized/sm/upload/78/y5/zg/ej/oefdD26aey8GPdx7Rm45PNncJdU-0-125-0-187-crop.jpg?v=2d0ce4be25,The Dark Knight (2008),action
https://a.ltrbxd.com/resized/sm/upload/pq/mi/kb/ck/7JtMVM58MnzxWeyubzLpXBiVnDC-0-125-0-187-crop.jpg?v=c5f2675b28,Spider-Man 2 (2004),action
https://a.ltrbxd.com/resized/film-poster/5/0/6/6/0/50660-crank-0-125-0-187-crop.jpg?v=c6b361887f,Crank (2006),action
https://a.ltrbxd.com/resized/film-poster/4/2/6/0/3/42603-crank-high-voltage-0-125-0-187-crop.jpg?v=de58eae2b7,Crank: High Voltage (2009),action
https://a.ltrbxd.com/resized/film-poster/1/4/4/1/0/8/144108-blackhat-0-125-0-187-crop.jpg?v=e3cfa32ac4,Blackhat (2015),action
https://a.ltrbxd.com/resized/sm/upload/3c/k2/pv/29/h6ZGWLMv9Q1KzC9lB2rIQIm8jiG-0-125-0-187-crop.jpg?v=917a08c198,Why Don't You Play in Hell? (2013),action
https://a.ltrbxd.com/resized/sm/upload/lk/jb/17/6y/oUDKymEL932AeHyl4A4ee8zuBLF-0-125-0-187-crop.jpg?v=e415a0cdd0,Mission: Impossible - Rogue Nation (2015),action
https://a.ltrbxd.com/resized/sm/upload/sv/95/s9/4j/inception-0-125-0-187-crop.jpg?v=30d7224316,Inception (2010),action
https://a.ltrbxd.com/resized/film-poster/1/6/3/0/3/16303-time-and-tide-0-125-0-187-crop.jpg?v=529de8d8d7,Time and Tide (2000),action
https://a.ltrbxd.com/resized/film-poster/1/5/8/9/4/2/158942-non-stop-0-125-0-187-crop.jpg?v=30e4d1461f,Non-Stop (2014),action
https://a.ltrbxd.com/resized/film-poster/6/5/5/1/1/65511-sleepless-night-0-125-0-187-crop.jpg?v=2586c033d4,Sleepless Night (2011),action
https://a.ltrbxd.com/resized/sm/upload/vy/z4/mq/qc/qAbRLPe8T7ehKzr1Tgo78T7ASrS-0-125-0-187-crop.jpg?v=7b09147ed3,Man on Fire (2004),action
https://a.ltrbxd.com/resized/sm/upload/m3/ho/e6/pk/a-bittersweet-life-0-125-0-187-crop.jpg?v=3e0e43f3db,A Bittersweet Life (2005),action
https://a.ltrbxd.com/resized/sm/upload/ir/bx/ah/ew/3VoVKGVmU7S0a9yMVJo4H5siVw7-0-125-0-187-crop.jpg?v=4633deb45d,Jack Reacher (2012),action
https://a.ltrbxd.com/resized/film-poster/4/3/5/8/0/43580-exiled-0-125-0-187-crop.jpg?v=31e5998b2d,Exiled (2006),action
https://a.ltrbxd.com/resized/sm/upload/qb/if/j8/jr/zlWBxz2pTA9p45kUTrI8AQiKrHm-0-125-0-187-crop.jpg?v=c06add9fe8,Casino Royale (2006),action
https://a.ltrbxd.com/resized/film-poster/4/4/1/1/8/44118-kill-zone-0-125-0-187-crop.jpg?v=aae79968ff,SPL: Kill Zone (2005),action
https://a.ltrbxd.com/resized/film-poster/2/5/9/4/6/8/259468-spl-2-a-time-for-consequences-0-125-0-187-crop.jpg?v=57e879e10f,SPL II: A Time for Consequences (2015),action
https://a.ltrbxd.com/resized/sm/upload/is/9i/99/04/xxSuU7Q9ZmPjw9TNQ1WzmHVAxBI-0-125-0-187-crop.jpg?v=2e435bf9c5,The Guest (2014),action
https://a.ltrbxd.com/resized/film-poster/4/2/8/4/1/42841-ip-man-0-125-0-187-crop.jpg?v=a2770708db,Ip Man (2008),action
https://a.ltrbxd.com/resized/film-poster/5/1/1/1/1/51111-300-0-125-0-187-crop.jpg?v=84df44bf2e,300 (2006),action
https://a.ltrbxd.com/resized/sm/upload/ox/qe/4i/v4/u1zSyesxUf1FSHV6RKQHEto5HcD-0-125-0-187-crop.jpg?v=58fec9628b,Hero (2002),action
https://a.ltrbxd.com/resized/film-poster/8/8/4/9/1/88491-drug-war-0-125-0-187-crop.jpg?v=f74ead1afc,Drug War (2012),action
https://a.ltrbxd.com/resized/film-poster/5/0/2/2/5/50225-the-bourne-identity-0-125-0-187-crop.jpg?v=84a1e28f00,The Bourne Identity (2002),action
https://a.ltrbxd.com/resized/film-poster/4/6/6/1/5/46615-unleashed-0-125-0-187-crop.jpg?v=a5e2065872,Unleashed (2005),action
https://a.ltrbxd.com/resized/film-poster/4/6/5/9/9/46599-district-13-0-125-0-187-crop.jpg?v=4e5b3fb465,District B13 (2004),action
https://a.ltrbxd.com/resized/sm/upload/5j/ag/wy/k3/bwCC7klDpDcVtEXDK74vDzXLyeF-0-125-0-187-crop.jpg?v=3241094b0a,Skyfall (2012),action
https://a.ltrbxd.com/resized/sm/upload/ba/x2/f6/w9/7Vr1c98X9JaKW6K95Xm6KBqiqDg-0-125-0-187-crop.jpg?v=4ce094c573,13 Assassins (2010),action
https://a.ltrbxd.com/resized/film-poster/4/0/8/6/0/40860-district-9-0-125-0-187-crop.jpg?v=15130016b7,District 9 (2009),action
https://a.ltrbxd.com/resized/film-poster/4/8/0/4/2/48042-elite-squad-0-125-0-187-crop.jpg?v=b127c0f559,Elite Squad (2007),action
https://a.ltrbxd.com/resized/film-poster/1/0/5/1/8/3/105183-edge-of-tomorrow-0-125-0-187-crop.jpg?v=114551fc99,Edge of Tomorrow (2014),action
https://a.ltrbxd.com/resized/film-poster/1/6/5/2/7/16527-dredd-0-125-0-187-crop.jpg?v=b8eb60725b,Dredd (2012),action
https://a.ltrbxd.com/resized/sm/upload/4p/si/m8/ct/the-good-the-bad-the-weird-0-125-0-187-crop.jpg?v=5fbfe8c378,"The Good, The Bad, The Weird (2008)",action
https://a.ltrbxd.com/resized/sm/upload/xr/1t/wx/2n/cA81CI8odKv5KHRUUzJbj83yN7c-0-125-0-187-crop.jpg?v=0d8a25a11f,Fast Five (2011),action
https://a.ltrbxd.com/resized/sm/upload/1e/6p/cq/1b/q9Q3Jm4dGLtMYgf5KR6CF0KNkkS-0-125-0-187-crop.jpg?v=df4e4cc7d8,Three (2016),action
https://a.ltrbxd.com/resized/film-poster/4/4/7/6/2/44762-ghost-in-the-shell-2-innocence-0-125-0-187-crop.jpg?v=b88649216c,Ghost in the Shell 2: Innocence (2004),action
https://a.ltrbxd.com/resized/film-poster/1/5/2/2/5/15225-hanna-0-125-0-187-crop.jpg?v=31274601a7,Hanna (2011),action
https://a.ltrbxd.com/resized/film-poster/4/9/4/9/9/49499-shoot-em-up-0-125-0-187-crop.jpg?v=aac717d10d,Shoot 'Em Up (2007),action